rickshaw carry,https://www.bodybuilding.com/exercises/rickshaw-carry,https://www.bodybuilding.com/exercises/exerciseImages/sequences/742/Male/m/742_1.jpg,https://www.bodybuilding.com/exercises/exerciseImages/sequences/742/Male/m/742_2.jpg,https://www.bodybuilding.com/exercises/muscle/forearms,forearms,https://www.bodybuilding.com/exercises/equipment/other,other
single-leg press,https://www.bodybuilding.com/exercises/single-leg-press,https://www.bodybuilding.com/images/2020/xdb/cropped/xdb-50m-single-leg-leg-press-m1-square-600x600.jpg,https://www.bodybuilding.com/images/2020/xdb/cropped/xdb-50m-single-leg-leg-press-m2-square-600x600.jpg,https://www.bodybuilding.com/exercises/muscle/quadriceps,quadriceps,https://www.bodybuilding.com/exercises/equipment/machine,machine
landmine twist,https://www.bodybuilding.com/exercises/landmine-180s,https://www.bodybuilding.com/images/2020/xdb/cropped/xdb-129s-landmine-twist-m1-square-600x600.jpg,https://www.bodybuilding.com/images/2020/xdb/cropped/xdb-129s-landmine-twist-m3-square-600x600.jpg,https://www.bodybuilding.com/exercises/muscle/abdominals,abdominals,https://www.bodybuilding.com/exercises/equipment/other,other
weighted pull-up,https://www.bodybuilding.com/exercises/weighted-pull-ups,https://www.bodybuilding.com/images/2020/xdb/cropped/xdb-96c-weighted-pull-up-m1-square-600x600.jpg,https://www.bodybuilding.com/images/2020/xdb/cropped/xdb-96c-weighted-pull-up-m2-square-600x600.jpg,https://www.bodybuilding.com/exercises/muscle/lats,lats,https://www.bodybuilding.com/exercises/equipment/other,other
t-bar row with handle,https://www.bodybuilding.com/exercises/t-bar-row-with-handle,https://www.bodybuilding.com/exercises/exerciseImages/sequences/1931/Male/m/1931_1.jpg,https://www.bodybuilding.com/images/2020/october/1931_2sm.jpg,https://www.bodybuilding.com/exercises/muscle/middle-back,middle back,https://www.bodybuilding.com/exercises/equipment/other,other
palms-down wrist curl over bench,https://www.bodybuilding.com/exercises/palms-down-wrist-curl-over-a-bench,https://www.bodybuilding.com/images/2020/xdb/cropped/xdb-62e-palms-down-wrist-curl-over-bench-m1-square-600x600.jpg,https://www.bodybuilding.com/images/2020/xdb/cropped/xdb-62e-palms-down-wrist-curl-over-bench-m2-square-600x600.jpg,https://www.bodybuilding.com/exercises/muscle/forearms,forearms,https://www.bodybuilding.com/exercises/equipment/barbell,barbell
atlas stones,https://www.bodybuilding.com/exercises/atlas-stones,https://www.bodybuilding.com/exercises/exerciseImages/sequences/659/Male/m/659_1.jpg,https://www.bodybuilding.com/exercises/exerciseImages/sequences/659/Male/m/659_2.jpg,https://www.bodybuilding.com/exercises/muscle/lower-back,lower back,https://www.bodybuilding.com/exercises/equipment/other,other
dumbbell front raise to lateral raise,https://www.bodybuilding.com/exercises/side-laterals-to-front-raise-,https://www.bodybuilding.com/images/2020/xdb/cropped/xdb-61d-dumbbell-front-raise-to-lateral-raise-m2-square-600x600.jpg,https://www.bodybuilding.com/images/2020/xdb/cropped/xdb-61d-dumbbell-front-raise-to-lateral-raise-m3-square-600x600.jpg,https://www.bodybuilding.com/exercises/muscle/shoulders,shoulders,https://www.bodybuilding.com/exercises/equipment/dumbbell,dumbbell
clean from blocks,https://www.bodybuilding.com/exercises/clean-from-blocks,https://www.bodybuilding.com/exercises/exerciseImages/sequences/746/Male/m/746_1.jpg,https://www.bodybuilding.com/exercises/exerciseImages/sequences/746/Male/m/746_2.jpg,https://www.bodybuilding.com/exercises/muscle/quadriceps,quadriceps,https://www.bodybuilding.com/exercises/equipment/barbell,barbell
incline hammer curls,https://www.bodybuilding.com/exercises/incline-hammer-curls,https://www.bodybuilding.com/exercises/exerciseImages/sequences/882/Male/m/882_1.jpg,https://www.bodybuilding.com/exercises/exerciseImages/sequences/882/Male/m/882_2.jpg,https://www.bodybuilding.com/exercises/muscle/biceps,biceps,https://www.bodybuilding.com/exercises/equipment/dumbbell,dumbbell
straight-bar wrist roll-up,https://www.bodybuilding.com/exercises/wrist-rotations-with-straight-bar,https://www.bodybuilding.com/images/2020/xdb/cropped/xdb-116s-straight-bar-wrist-roll-up-m1-square-600x600.jpg,https://www.bodybuilding.com/images/2020/xdb/cropped/xdb-116s-straight-bar-wrist-roll-up-m3-square-600x600.jpg,https://www.bodybuilding.com/exercises/muscle/forearms,forearms,https://www.bodybuilding.com/exercises/finder,barbell
barbell glute bridge,https://www.bodybuilding.com/exercises/barbell-glute-bridge,https://www.bodybuilding.com/images/2020/xdb/cropped/xdb-114s-barbell-glute-bridge-m1-square-600x600.jpg,https://www.bodybuilding.com/images/2020/xdb/cropped/xdb-114s-barbell-glute-bridge-m2-square-600x600.jpg,https://www.bodybuilding.com/exercises/muscle/glutes,glutes,https://www.bodybuilding.com/exercises/equipment/barbell,barbell
clean and press,https://www.bodybuilding.com/exercises/clean-and-press,https://www.bodybuilding.com/images/2020/xdb/cropped/xdb-27b-clean-and-press-m1-square-600x600.jpg,https://www.bodybuilding.com/images/2020/xdb/cropped/xdb-27b-clean-and-press-m5-square-600x600.jpg,https://www.bodybuilding.com/exercises/muscle/shoulders,shoulders,https://www.bodybuilding.com/exercises/equipment/barbell,barbell
triceps dip,https://www.bodybuilding.com/exercises/dips-triceps-version,https://www.bodybuilding.com/images/2020/xdb/cropped/xdb-1m-triceps-dip-m1-square-600x600.jpg,https://www.bodybuilding.com/images/2020/xdb/cropped/xdb-1m-triceps-dip-m2-square-600x600.jpg,https://www.bodybuilding.com/exercises/muscle/triceps,triceps,https://www.bodybuilding.com/exercises/equipment/body-only,body only
dumbbell farmer's walk,https://www.bodybuilding.com/exercises/farmers-walk,https://www.bodybuilding.com/images/2020/xdb/cropped/xdb-30d-dumbbell-farmers-walk-m1-square-600x600.jpg,https://www.bodybuilding.com/images/2020/xdb/cropped/xdb-30d-dumbbell-farmers-walk-m5-square-600x600.jpg,https://www.bodybuilding.com/exercises/muscle/forearms,forearms,https://www.bodybuilding.com/exercises/equipment/other,other
palms-up wrist curl over bench,https://www.bodybuilding.com/exercises/palms-up-barbell-wrist-curl-over-a-bench,,,https://www.bodybuilding.com/exercises/muscle/forearms,forearms,https://www.bodybuilding.com/exercises/equipment/barbell,barbell
barbell full squat,https://www.bodybuilding.com/exercises/barbell-full-squat,,,https://www.bodybuilding.com/exercises/muscle/quadriceps,quadriceps,https://www.bodybuilding.com/exercises/equipment/barbell,barbell
barbell deficit deadlift,https://www.bodybuilding.com/exercises/deficit-deadlift,,,https://www.bodybuilding.com/exercises/muscle/lower-back,lower back,https://www.bodybuilding.com/exercises/equipment/barbell,barbell
barbell deadlift,https://www.bodybuilding.com/exercises/barbell-deadlift,,,https://www.bodybuilding.com/exercises/muscle/hamstrings,hamstrings,https://www.bodybuilding.com/exercises/equipment/barbell,barbell
single-arm palm-in dumbbell shoulder press,https://www.bodybuilding.com/exercises/standing-palm-in-one-arm-dumbbell-press,,,https://www.bodybuilding.com/exercises/muscle/shoulders,shoulders,https://www.bodybuilding.com/exercises/equipment/dumbbell,dumbbell
romanian deadlift with dumbbells,https://www.bodybuilding.com/exercises/romanian-deadlift-with-dumbbells,,,https://www.bodybuilding.com/exercises/muscle/hamstrings,hamstrings,https://www.bodybuilding.com/exercises/equipment/dumbbell,dumbbell
tire flip,https://www.bodybuilding.com/exercises/tire-flip,,,https://www.bodybuilding.com/exercises/muscle/quadriceps,quadriceps,https://www.bodybuilding.com/exercises/equipment/other,other
clean deadlift,https://www.bodybuilding.com/exercises/clean-deadlift,,,https://www.bodybuilding.com/exercises/muscle/hamstrings,hamstrings,https://www.bodybuilding.com/exercises/equipment/barbell,barbell
elbow plank,https://www.bodybuilding.com/exercises/plank,,,https://www.bodybuilding.com/exercises/muscle/abdominals,abdominals,https://www.bodybuilding.com/exercises/equipment/body-only,body only
bottoms up,https://www.bodybuilding.com/exercises/bottoms-up,https://www.bodybuilding.com/images/2020/xdb/cropped/xdb-63a-lying-leg-lift-m2-square-600x600.jpg,,https://www.bodybuilding.com/exercises/muscle/abdominals,abdominals,https://www.bodybuilding.com/exercises/equipment/body-only,body only
barbell back squat to box,https://www.bodybuilding.com/exercises/box-squat,https://www.bodybuilding.com/images/2020/xdb/cropped/xdb-72e-barbell-back-squat-to-box-m2-square-600x600.jpg,,https://www.bodybuilding.com/exercises/muscle/quadriceps,quadriceps,https://www.bodybuilding.com/exercises/equipment/barbell,barbell
clean and jerk,https://www.bodybuilding.com/exercises/clean-and-jerk,https://www.bodybuilding.com/images/2020/xdb/cropped/xdb-26b-clean-and-jerk-m1-square-600x600.jpg,,https://www.bodybuilding.com/exercises/muscle/shoulders,shoulders,https://www.bodybuilding.com/exercises/equipment/barbell,barbell
single-arm kettlebell push-press,https://www.bodybuilding.com/exercises/one-arm-kettlebell-push-press,https://www.bodybuilding.com/images/2020/xdb/cropped/xdb-67k-single-arm-kettlebell-push-press-m2-square-600x600.jpg,https://www.bodybuilding.com/images/2020/xdb/cropped/xdb-67k-single-arm-kettlebell-push-press-m3-square-600x600.jpg,https://www.bodybuilding.com/exercises/muscle/shoulders,shoulders,https://www.bodybuilding.com/exercises/equipment/kettlebells,kettlebells
push-press,https://www.bodybuilding.com/exercises/push-press,https://www.bodybuilding.com/images/2020/xdb/cropped/xdb-39b-push-press-m2-square-600x600.jpg,,https://www.bodybuilding.com/exercises/muscle/quadriceps,quadriceps,https://www.bodybuilding.com/exercises/equipment/barbell,barbell
suspended ab fall-out,https://www.bodybuilding.com/exercises/suspended-fallout,https://www.bodybuilding.com/images/2020/xdb/cropped/2019-xdb-158s-suspended-ab-fall-out-m2-600x600.jpg,,https://www.bodybuilding.com/exercises/muscle/abdominals,abdominals,https://www.bodybuilding.com/exercises/equipment/other,other
military press,https://www.bodybuilding.com/exercises/standing-military-press,,,https://www.bodybuilding.com/exercises/muscle/shoulders,shoulders,https://www.bodybuilding.com/exercises/equipment/barbell,barbell
power snatch-,https://www.bodybuilding.com/exercises/snatch,,,https://www.bodybuilding.com/exercises/muscle/quadriceps,quadriceps,https://www.bodybuilding.com/exercises/equipment/barbell,barbell
sumo deadlift,https://www.bodybuilding.com/exercises/sumo-deadlift,,,https://www.bodybuilding.com/exercises/muscle/hamstrings,hamstrings,https://www.bodybuilding.com/exercises/equipment/barbell,barbell
hang clean,https://www.bodybuilding.com/exercises/hang-clean,,,https://www.bodybuilding.com/exercises/muscle/quadriceps,quadriceps,https://www.bodybuilding.com/exercises/equipment/barbell,barbell
dumbbell v-sit cross jab,https://www.bodybuilding.com/exercises/dumbbell-v-sit-cross-jab,,,https://www.bodybuilding.com/exercises/muscle/abdominals,abdominals,https://www.bodybuilding.com/exercises/equipment/dumbbell,dumbbell
reverse band box squat,https://www.bodybuilding.com/exercises/reverse-band-box-squat,https://www.bodybuilding.com/exercises/exerciseImages/sequences/753/Male/m/753_2.jpg,,https://www.bodybuilding.com/exercises/muscle/quadriceps,quadriceps,https://www.bodybuilding.com/exercises/finder,barbell
standing palms-in shoulder press,https://www.bodybuilding.com/exercises/standing-palms-in-dumbbell-press,,,https://www.bodybuilding.com/exercises/muscle/shoulders,shoulders,https://www.bodybuilding.com/exercises/equipment/dumbbell,dumbbell
standing cable low-to-high twist,https://www.bodybuilding.com/exercises/standing-cable-lift,,,https://www.bodybuilding.com/exercises/muscle/abdominals,abdominals,https://www.bodybuilding.com/exercises/equipment/cable,cable
decline ez-bar skullcrusher,https://www.bodybuilding.com/exercises/decline-ez-bar-triceps-extension,https://www.bodybuilding.com/images/2020/xdb/cropped/xdb-47n-decline-ez-bar-skullcrusher-m1-square-600x600.jpg,https://www.bodybuilding.com/images/2020/xdb/cropped/xdb-47n-decline-ez-bar-skullcrusher-m2-square-600x600.jpg,https://www.bodybuilding.com/exercises/muscle/triceps,triceps,https://www.bodybuilding.com/exercises/equipment/ez-curl-bar,e-z curl bar
standing behind-the-back wrist curl,https://www.bodybuilding.com/exercises/standing-palms-up-barbell-behind-the-back-wrist-curl,https://www.bodybuilding.com/images/2020/xdb/cropped/xdb-14b-standing-behind-the-back-wrist-curl-m1-square-600x600.jpg,,https://www.bodybuilding.com/exercises/muscle/forearms,forearms,https://www.bodybuilding.com/exercises/equipment/barbell,barbell
seated finger curl,https://www.bodybuilding.com/exercises/finger-curls,,,https://www.bodybuilding.com/exercises/muscle/forearms,forearms,https://www.bodybuilding.com/exercises/equipment/barbell,barbell
wide-grip barbell curl,https://www.bodybuilding.com/exercises/wide-grip-standing-barbell-curl,,,https://www.bodybuilding.com/exercises/muscle/biceps,biceps,https://www.bodybuilding.com/exercises/equipment/barbell,barbell
dumbbell spell caster,https://www.bodybuilding.com/exercises/spell-caster,,,https://www.bodybuilding.com/exercises/muscle/abdominals,abdominals,https://www.bodybuilding.com/exercises/equipment/dumbbell,dumbbell
dumbbell floor press,https://www.bodybuilding.com/exercises/dumbbell-floor-press,,,https://www.bodybuilding.com/exercises/muscle/triceps,triceps,https://www.bodybuilding.com/exercises/equipment/dumbbell,dumbbell
lying face down plate neck resistance,https://www.bodybuilding.com/exercises/lying-face-down-plate-neck-resistance,,,https://www.bodybuilding.com/exercises/muscle/neck,neck,https://www.bodybuilding.com/exercises/equipment/other,other
pullups,https://www.bodybuilding.com/exercises/pullups,,,https://www.bodybuilding.com/exercises/muscle/lats,lats,https://www.bodybuilding.com/exercises/equipment/body-only,body only
decline reverse crunch,https://www.bodybuilding.com/exercises/decline-reverse-crunch,,,https://www.bodybuilding.com/exercises/muscle/abdominals,abdominals,https://www.bodybuilding.com/exercises/equipment/other,other
dumbbell bench press,https://www.bodybuilding.com/exercises/dumbbell-bench-press,,,https://www.bodybuilding.com/exercises/muscle/chest,chest,https://www.bodybuilding.com/exercises/equipment/dumbbell,dumbbell
jumping rope,https://www.bodybuilding.com/exercises/rope-jumping,,,https://www.bodybuilding.com/exercises/muscle/quadriceps,quadriceps,https://www.bodybuilding.com/exercises/equipment/body-only,body only
seated barbell shoulder press,https://www.bodybuilding.com/exercises/seated-barbell-military-press,,,https://www.bodybuilding.com/exercises/muscle/shoulders,shoulders,https://www.bodybuilding.com/exercises/equipment/barbell,barbell
ez-bar spider curl,https://www.bodybuilding.com/exercises/spider-curl,https://www.bodybuilding.com/images/2020/xdb/cropped/xdb-18n-barbell-spider-curl-m1-square-600x600.jpg,,https://www.bodybuilding.com/exercises/muscle/biceps,biceps,https://www.bodybuilding.com/exercises/equipment/barbell,barbell
smith machine shrug,https://www.bodybuilding.com/exercises/smith-machine-shrug,,,https://www.bodybuilding.com/exercises/muscle/traps,traps,https://www.bodybuilding.com/exercises/equipment/machine,machine
smith machine calf raise,https://www.bodybuilding.com/exercises/smith-machine-calf-raise,,,https://www.bodybuilding.com/exercises/muscle/calves,calves,https://www.bodybuilding.com/exercises/equipment/machine,machine
romanian deadlift from deficit,https://www.bodybuilding.com/exercises/romanian-deadlift-from-deficit,,,https://www.bodybuilding.com/exercises/muscle/hamstrings,hamstrings,https://www.bodybuilding.com/exercises/equipment/barbell,barbell
power snatch,https://www.bodybuilding.com/exercises/power-snatch,,,https://www.bodybuilding.com/exercises/muscle/hamstrings,hamstrings,https://www.bodybuilding.com/exercises/equipment/barbell,barbell
pushups,https://www.bodybuilding.com/exercises/pushups,,,https://www.bodybuilding.com/exercises/muscle/chest,chest,https://www.bodybuilding.com/exercises/equipment/body-only,body only
barbell walking lunge,https://www.bodybuilding.com/exercises/barbell-walking-lunge,,,https://www.bodybuilding.com/exercises/muscle/quadriceps,quadriceps,https://www.bodybuilding.com/exercises/equipment/barbell,barbell
front squats with two kettlebells,https://www.bodybuilding.com/exercises/front-squats-with-two-kettlebells,https://www.bodybuilding.com/exercises/exerciseImages/sequences/511/Male/m/511_1.jpg,https://www.bodybuilding.com/exercises/exerciseImages/sequences/511/Male/m/511_2.jpg,https://www.bodybuilding.com/exercises/muscle/quadriceps,quadriceps,https://www.bodybuilding.com/exercises/equipment/kettlebells,kettlebells
spider crawl,https://www.bodybuilding.com/exercises/spider-crawl,,,https://www.bodybuilding.com/exercises/muscle/abdominals,abdominals,https://www.bodybuilding.com/exercises/equipment/body-only,body only
power clean from blocks,https://www.bodybuilding.com/exercises/power-clean-from-blocks,,,https://www.bodybuilding.com/exercises/muscle/hamstrings,hamstrings,https://www.bodybuilding.com/exercises/equipment/barbell,barbell
single leg push-off,https://www.bodybuilding.com/exercises/single-leg-push-off,,,https://www.bodybuilding.com/exercises/muscle/quadriceps,quadriceps,https://www.bodybuilding.com/exercises/equipment/other,other
hip circles (prone),https://www.bodybuilding.com/exercises/hip-circles-prone,,,https://www.bodybuilding.com/exercises/muscle/abductors,abductors,https://www.bodybuilding.com/exercises/finder,body only
reverse-grip bent-over row,https://www.bodybuilding.com/exercises/reverse-grip-bent-over-rows,,,https://www.bodybuilding.com/exercises/muscle/middle-back,middle back,https://www.bodybuilding.com/exercises/equipment/barbell,barbell
seated two-arm palms-up low-pulley wrist curl,https://www.bodybuilding.com/exercises/seated-two-arm-palms-up-low-pulley-wrist-curl,,,https://www.bodybuilding.com/exercises/muscle/forearms,forearms,https://www.bodybuilding.com/exercises/equipment/cable,cable
back extension,https://www.bodybuilding.com/exercises/hyperextensions-back-extensions,,,https://www.bodybuilding.com/exercises/muscle/lower-back,lower back,https://www.bodybuilding.com/exercises/equipment/body-only,body only
close-grip bench press,https://www.bodybuilding.com/exercises/close-grip-barbell-bench-press,,,https://www.bodybuilding.com/exercises/muscle/chest,chest,https://www.bodybuilding.com/exercises/equipment/barbell,barbell
cocoons,https://www.bodybuilding.com/exercises/cocoons,,,https://www.bodybuilding.com/exercises/muscle/abdominals,abdominals,https://www.bodybuilding.com/exercises/equipment/body-only,body only
cross-body crunch,https://www.bodybuilding.com/exercises/cross-body-crunch,,,https://www.bodybuilding.com/exercises/muscle/abdominals,abdominals,https://www.bodybuilding.com/exercises/equipment/body-only,body only
dumbbell flyes,https://www.bodybuilding.com/exercises/dumbbell-flyes,,,https://www.bodybuilding.com/exercises/muscle/chest,chest,https://www.bodybuilding.com/exercises/equipment/dumbbell,dumbbell
hammer curls,https://www.bodybuilding.com/exercises/hammer-curls,https://www.bodybuilding.com/images/2020/xdb/cropped/xdb-7d-hammer-curl-m1-square-600x600.jpg,https://www.bodybuilding.com/images/2020/xdb/cropped/xdb-7d-hammer-curl-m2-square-600x600.jpg,https://www.bodybuilding.com/exercises/muscle/biceps,biceps,https://www.bodybuilding.com/exercises/equipment/dumbbell,dumbbell
incline dumbbell bench press,https://www.bodybuilding.com/exercises/incline-dumbbell-press,https://www.bodybuilding.com/images/2020/xdb/cropped/xdb-3n-incline-dumbbell-bench-press-m1-square-600x600.jpg,https://www.bodybuilding.com/images/2020/xdb/cropped/xdb-3n-incline-dumbbell-bench-press-m2-square-600x600.jpg,https://www.bodybuilding.com/exercises/muscle/chest,chest,https://www.bodybuilding.com/exercises/equipment/dumbbell,dumbbell
low-cable cross-over,https://www.bodybuilding.com/exercises/low-cable-crossover,https://www.bodybuilding.com/images/2020/xdb/cropped/xdb-5c-low-cable-cross-over-m1-square-600x600.jpg,https://www.bodybuilding.com/images/2020/xdb/cropped/xdb-5c-low-cable-cross-over-m2-square-600x600.jpg,https://www.bodybuilding.com/exercises/muscle/chest,chest,https://www.bodybuilding.com/exercises/equipment/cable,cable
single-arm high-cable side bend,https://www.bodybuilding.com/exercises/one-arm-high-pulley-cable-side-bends,https://www.bodybuilding.com/images/2020/xdb/cropped/2019-xdb-107c-single-arm-high-cable-side-bend-m1-600x600.jpg,https://www.bodybuilding.com/images/2020/xdb/cropped/2019-xdb-107c-single-arm-high-cable-side-bend-m2-600x600.jpg,https://www.bodybuilding.com/exercises/muscle/abdominals,abdominals,https://www.bodybuilding.com/exercises/equipment/cable,cable
seated dumbbell press,https://www.bodybuilding.com/exercises/seated-dumbbell-press,https://www.bodybuilding.com/images/2020/xdb/cropped/xdb-50e-seated-dumbbell-shoulder-press-m1-square-600x600.jpg,,https://www.bodybuilding.com/exercises/muscle/shoulders,shoulders,https://www.bodybuilding.com/exercises/equipment/dumbbell,dumbbell
standing dumbbell shoulder press,https://www.bodybuilding.com/exercises/standing-dumbbell-press,https://www.bodybuilding.com/images/2020/xdb/cropped/xdb-104d-standing-dumbbell-shoulder-press-m1-square-600x600.jpg,,https://www.bodybuilding.com/exercises/muscle/shoulders,shoulders,https://www.bodybuilding.com/exercises/equipment/dumbbell,dumbbell
ez-bar curl,https://www.bodybuilding.com/exercises/ez-bar-curl,https://www.bodybuilding.com/images/2020/xdb/cropped/2020-xdb-46s-standing-ez-bar-curl-m1-crop-600x600.jpg,,https://www.bodybuilding.com/exercises/muscle/biceps,biceps,https://www.bodybuilding.com/exercises/equipment/ez-curl-bar,e-z curl bar
olympic squat,https://www.bodybuilding.com/exercises/olympic-squat-,,,https://www.bodybuilding.com/exercises/muscle/quadriceps,quadriceps,https://www.bodybuilding.com/exercises/equipment/barbell,barbell
natural glute ham raise,https://www.bodybuilding.com/exercises/natural-glute-ham-raise,,,https://www.bodybuilding.com/exercises/muscle/hamstrings,hamstrings,https://www.bodybuilding.com/exercises/equipment/body-only,body only
axle deadlift,https://www.bodybuilding.com/exercises/axle-deadlift,,,https://www.bodybuilding.com/exercises/muscle/lower-back,lower back,https://www.bodybuilding.com/exercises/equipment/other,other
zottman curl,https://www.bodybuilding.com/exercises/zottman-curl,,,https://www.bodybuilding.com/exercises/muscle/biceps,biceps,https://www.bodybuilding.com/exercises/finder,dumbbell
glute ham raise-,https://www.bodybuilding.com/exercises/floor-glute-ham-raise,,,https://www.bodybuilding.com/exercises/muscle/hamstrings,hamstrings,https://www.bodybuilding.com/exercises/equipment/none,body only
single-arm lateral raise,https://www.bodybuilding.com/exercises/one-arm-side-laterals,,,https://www.bodybuilding.com/exercises/muscle/shoulders,shoulders,https://www.bodybuilding.com/exercises/equipment/dumbbell,dumbbell
power partials,https://www.bodybuilding.com/exercises/power-partials,,,https://www.bodybuilding.com/exercises/muscle/shoulders,shoulders,https://www.bodybuilding.com/exercises/equipment/dumbbell,dumbbell
leverage shrug,https://www.bodybuilding.com/exercises/leverage-shrug,https://www.bodybuilding.com/exercises/exerciseImages/sequences/898/Male/m/898_1.jpg,https://www.bodybuilding.com/images/2020/xdb/898_2.jpg,https://www.bodybuilding.com/exercises/muscle/traps,traps,https://www.bodybuilding.com/exercises/equipment/machine,machine
cable v-bar push-down,https://www.bodybuilding.com/exercises/triceps-pushdown-v-bar-attachment,https://www.bodybuilding.com/images/2020/xdb/cropped/xdb-17c-cable-v-bar-push-down-m1-square-600x600.jpg,https://www.bodybuilding.com/images/2020/xdb/cropped/xdb-17c-cable-v-bar-push-down-m2-square-600x600.jpg,https://www.bodybuilding.com/exercises/muscle/triceps,triceps,https://www.bodybuilding.com/exercises/equipment/cable,cable
wrist roller,https://www.bodybuilding.com/exercises/wrist-roller,https://www.bodybuilding.com/exercises/exerciseImages/sequences/142/Male/m/142_1.jpg,https://www.bodybuilding.com/exercises/exerciseImages/sequences/142/Male/m/142_2.jpg,https://www.bodybuilding.com/exercises/muscle/forearms,forearms,https://www.bodybuilding.com/exercises/equipment/other,other
incline dumbbell reverse fly,https://www.bodybuilding.com/exercises/reverse-flyes,https://www.bodybuilding.com/images/2020/xdb/cropped/2020-xdb-13n-incline-dumbbell-reverse-fly-m1-crop-600x600.jpg,,https://www.bodybuilding.com/exercises/muscle/shoulders,shoulders,https://www.bodybuilding.com/exercises/equipment/dumbbell,dumbbell
stair climber,https://www.bodybuilding.com/exercises/step-mill,,,https://www.bodybuilding.com/exercises/muscle/quadriceps,quadriceps,https://www.bodybuilding.com/exercises/equipment/machine,machine
elbow-to-knee crunch,https://www.bodybuilding.com/exercises/elbow-to-knee,https://www.bodybuilding.com/images/2020/xdb/cropped/xdb-176a-elbow-to-knee-crunch-m1-square-600x600.jpg,https://www.bodybuilding.com/images/2020/xdb/cropped/xdb-176a-elbow-to-knee-crunch-m2-square-600x600.jpg,https://www.bodybuilding.com/exercises/muscle/abdominals,abdominals,https://www.bodybuilding.com/exercises/equipment/body-only,body only
kettlebell pistol squat,https://www.bodybuilding.com/exercises/kettlebell-pistol-squat,https://www.bodybuilding.com/exercises/exerciseImages/sequences/521/Male/m/521_2.jpg,,https://www.bodybuilding.com/exercises/muscle/quadriceps,quadriceps,https://www.bodybuilding.com/exercises/equipment/kettlebells,kettlebells
overhead dumbbell front raise,https://www.bodybuilding.com/exercises/standing-dumbbell-straight-arm-front-delt-raise-above-head,https://www.bodybuilding.com/images/2020/xdb/cropped/xdb-17d-overhead-dumbbell-front-raise-m1-square-600x600.jpg,,https://www.bodybuilding.com/exercises/muscle/shoulders,shoulders,https://www.bodybuilding.com/exercises/equipment/dumbbell,dumbbell
biceps curl to shoulder press,https://www.bodybuilding.com/exercises/biceps-curl-to-shoulder-press,,,https://www.bodybuilding.com/exercises/muscle/biceps,biceps,https://www.bodybuilding.com/exercises/equipment/dumbbell,dumbbell
weighted bench dip,https://www.bodybuilding.com/exercises/weighted-bench-dip,,,https://www.bodybuilding.com/exercises/muscle/triceps,triceps,https://www.bodybuilding.com/exercises/equipment/body-only,body only
barbell hip thrust,https://www.bodybuilding.com/exercises/barbell-hip-thrust,,,https://www.bodybuilding.com/exercises/muscle/glutes,glutes,https://www.bodybuilding.com/exercises/equipment/barbell,barbell
forward lunge,https://www.bodybuilding.com/exercises/bodyweight-lunge,,,https://www.bodybuilding.com/exercises/muscle/quadriceps,quadriceps,https://www.bodybuilding.com/exercises/equipment/body-only,body only
barbell bench press - medium grip,https://www.bodybuilding.com/exercises/barbell-bench-press-medium-grip,,,https://www.bodybuilding.com/exercises/muscle/chest,chest,https://www.bodybuilding.com/exercises/equipment/barbell,barbell
chest dip,https://www.bodybuilding.com/exercises/dips-chest-version,,,https://www.bodybuilding.com/exercises/muscle/chest,chest,https://www.bodybuilding.com/exercises/equipment/other,other
seated dumbbell shoulder press,https://www.bodybuilding.com/exercises/dumbbell-shoulder-press,https://www.bodybuilding.com/images/2020/xdb/cropped/xdb-50e-seated-dumbbell-shoulder-press-m1-square-600x600.jpg,https://www.bodybuilding.com/images/2020/xdb/cropped/xdb-50e-seated-dumbbell-shoulder-press-m2-square-600x600.jpg,https://www.bodybuilding.com/exercises/muscle/shoulders,shoulders,https://www.bodybuilding.com/exercises/equipment/dumbbell,dumbbell
barbell curl,https://www.bodybuilding.com/exercises/barbell-curl,,,https://www.bodybuilding.com/exercises/muscle/biceps,biceps,https://www.bodybuilding.com/exercises/equipment/barbell,barbell
ez-bar skullcrusher,https://www.bodybuilding.com/exercises/ez-bar-skullcrusher,https://www.bodybuilding.com/images/2020/xdb/cropped/xdb-94s-ez-bar-skullcrusher-m1-square-600x600.jpg,https://www.bodybuilding.com/images/2020/xdb/cropped/xdb-94s-ez-bar-skullcrusher-m2-square-600x600.jpg,https://www.bodybuilding.com/exercises/muscle/triceps,triceps,https://www.bodybuilding.com/exercises/equipment/ez-curl-bar,e-z curl bar
one-arm dumbbell row,https://www.bodybuilding.com/exercises/one-arm-dumbbell-row,https://www.bodybuilding.com/images/2020/xdb/cropped/xdb-13e-single-arm-bench-dumbbell-row-m1-square-600x600.jpg,https://www.bodybuilding.com/images/2020/xdb/cropped/xdb-13e-single-arm-bench-dumbbell-row-m2-square-600x600.jpg,https://www.bodybuilding.com/exercises/muscle/middle-back,middle back,https://www.bodybuilding.com/exercises/equipment/dumbbell,dumbbell
alternating standing shoulder press,https://www.bodybuilding.com/exercises/standing-alternating-dumbbell-press,https://www.bodybuilding.com/images/2020/xdb/cropped/xdb-93d-alternating-standing-shoulder-press-m1-square-600x600.jpg,https://www.bodybuilding.com/images/2020/xdb/cropped/xdb-93d-alternating-standing-shoulder-press-m3-square-600x600.jpg,https://www.bodybuilding.com/exercises/muscle/shoulders,shoulders,https://www.bodybuilding.com/exercises/equipment/dumbbell,dumbbell
concentration curl,https://www.bodybuilding.com/exercises/concentration-curls,https://www.bodybuilding.com/images/2020/xdb/cropped/xdb-8e-concentration-curl-m1-square-600x600.jpg,,https://www.bodybuilding.com/exercises/muscle/biceps,biceps,https://www.bodybuilding.com/exercises/equipment/dumbbell,dumbbell
decline crunch,https://www.bodybuilding.com/exercises/decline-crunch,,,https://www.bodybuilding.com/exercises/muscle/abdominals,abdominals,https://www.bodybuilding.com/exercises/equipment/body-only,body only
decline dumbbell flyes,https://www.bodybuilding.com/exercises/decline-dumbbell-flyes,https://www.bodybuilding.com/images/2020/xdb/cropped/xdb-31n-decline-dumbbell-chest-fly-m2-square-600x600.jpg,,https://www.bodybuilding.com/exercises/muscle/chest,chest,https://www.bodybuilding.com/exercises/equipment/dumbbell,dumbbell
single-arm incline rear delt raise,https://www.bodybuilding.com/exercises/dumbbell-lying-one-arm-rear-lateral-raise,,,https://www.bodybuilding.com/exercises/muscle/shoulders,shoulders,https://www.bodybuilding.com/exercises/equipment/dumbbell,dumbbell
alternating dumbbell front raise,https://www.bodybuilding.com/exercises/front-dumbbell-raise,,,https://www.bodybuilding.com/exercises/muscle/shoulders,shoulders,https://www.bodybuilding.com/exercises/equipment/dumbbell,dumbbell
hanging toes-to-bar,https://www.bodybuilding.com/exercises/hanging-pike,,,https://www.bodybuilding.com/exercises/muscle/abdominals,abdominals,https://www.bodybuilding.com/exercises/equipment/body-only,body only
narrow-stance squat,https://www.bodybuilding.com/exercises/narrow-stance-squats,,,https://www.bodybuilding.com/exercises/muscle/quadriceps,quadriceps,https://www.bodybuilding.com/exercises/equipment/barbell,barbell
kneeling cable oblique crunch,https://www.bodybuilding.com/exercises/oblique-cable-crunch,,,https://www.bodybuilding.com/exercises/muscle/abdominals,abdominals,https://www.bodybuilding.com/exercises/equipment/cable,cable
reverse grip triceps pushdown,https://www.bodybuilding.com/exercises/reverse-grip-triceps-pushdown,https://www.bodybuilding.com/images/2020/xdb/cropped/xdb-19c-reverse-grip-cable-straight-bar-push-down-m2-square-600x600.jpg,,https://www.bodybuilding.com/exercises/muscle/triceps,triceps,https://www.bodybuilding.com/exercises/equipment/cable,cable
bear crawl sled drag,https://www.bodybuilding.com/exercises/bear-crawl-sled-drags-,,,https://www.bodybuilding.com/exercises/muscle/quadriceps,quadriceps,https://www.bodybuilding.com/exercises/equipment/other,other
rocky pull-ups/pulldowns,https://www.bodybuilding.com/exercises/rocky-pull-upspulldowns,,,https://www.bodybuilding.com/exercises/muscle/lats,lats,https://www.bodybuilding.com/exercises/equipment/other,other
snatch-grip behind-the-neck overhead press,https://www.bodybuilding.com/exercises/snatch-grip-behind-the-neck-overhead-press,https://www.bodybuilding.com/exercises/exerciseImages/sequences/4571/Male/m/4571_1.jpg,https://www.bodybuilding.com/exercises/exerciseImages/sequences/4571/Male/m/4571_2.jpg,https://www.bodybuilding.com/exercises/muscle/shoulders,shoulders,https://www.bodybuilding.com/exercises/equipment/barbell,barbell
box squat with bands,https://www.bodybuilding.com/exercises/box-squat-with-bands,https://www.bodybuilding.com/exercises/exerciseImages/sequences/666/Male/m/666_1.jpg,https://www.bodybuilding.com/exercises/exerciseImages/sequences/666/Male/m/666_2.jpg,https://www.bodybuilding.com/exercises/muscle/quadriceps,quadriceps,https://www.bodybuilding.com/exercises/equipment/barbell,barbell
flexor incline dumbbell curls,https://www.bodybuilding.com/exercises/flexor-incline-dumbbell-curls,https://www.bodybuilding.com/exercises/exerciseImages/sequences/285/Male/m/285_1.jpg,,https://www.bodybuilding.com/exercises/muscle/biceps,biceps,https://www.bodybuilding.com/exercises/equipment/dumbbell,dumbbell
seated one-arm dumbbell palms-up wrist curl,https://www.bodybuilding.com/exercises/seated-one-arm-dumbbell-palms-up-wrist-curl,https://www.bodybuilding.com/exercises/exerciseImages/sequences/386/Male/m/386_1.jpg,,https://www.bodybuilding.com/exercises/muscle/forearms,forearms,https://www.bodybuilding.com/exercises/equipment/dumbbell,dumbbell
thigh adductor,https://www.bodybuilding.com/exercises/thigh-adductor,,,https://www.bodybuilding.com/exercises/muscle/adductors,adductors,https://www.bodybuilding.com/exercises/equipment/machine,machine
machine bicep curl,https://www.bodybuilding.com/exercises/machine-bicep-curl,https://www.bodybuilding.com/exercises/exerciseImages/sequences/899/Male/m/899_2.jpg,,https://www.bodybuilding.com/exercises/muscle/biceps,biceps,https://www.bodybuilding.com/exercises/equipment/machine,machine
seated palms-down barbell wrist curl,https://www.bodybuilding.com/exercises/seated-palms-down-barbell-wrist-curl,https://www.bodybuilding.com/exercises/exerciseImages/sequences/389/Male/m/389_1.jpg,https://www.bodybuilding.com/exercises/exerciseImages/sequences/389/Male/m/389_2.jpg,https://www.bodybuilding.com/exercises/muscle/forearms,forearms,https://www.bodybuilding.com/exercises/finder,barbell
car driver,https://www.bodybuilding.com/exercises/car-drivers,,,https://www.bodybuilding.com/exercises/muscle/shoulders,shoulders,https://www.bodybuilding.com/exercises/equipment/other,other
alternating deltoid raise,https://www.bodybuilding.com/exercises/alternating-deltoid-raise,,,https://www.bodybuilding.com/exercises/muscle/shoulders,shoulders,https://www.bodybuilding.com/exercises/equipment/dumbbell,dumbbell
hanging oblique knee raise,https://www.bodybuilding.com/exercises/hanging-oblique-knee-raise,https://www.bodybuilding.com/images/2020/xdb/cropped/2019-xdb-120c-hanging-oblique-crunch-m1-600x600.jpg,https://www.bodybuilding.com/images/2020/xdb/cropped/2019-xdb-120c-hanging-oblique-crunch-m2-600x600.jpg,https://www.bodybuilding.com/exercises/muscle/abdominals,abdominals,https://www.bodybuilding.com/exercises/equipment/body-only,body only
bodyweight flyes,https://www.bodybuilding.com/exercises/bodyweight-flyes,https://www.bodybuilding.com/images/2020/xdb/cropped/2019-xdb-182s-double-bar-roll-out-chest-fly-m1-600x600.jpg,https://www.bodybuilding.com/images/2020/xdb/cropped/2019-xdb-182s-double-bar-roll-out-chest-fly-m2-600x600.jpg,https://www.bodybuilding.com/exercises/muscle/chest,chest,https://www.bodybuilding.com/exercises/equipment/ez-curl-bar,e-z curl bar
standing calf raises,https://www.bodybuilding.com/exercises/standing-calf-raises,https://www.bodybuilding.com/images/2020/xdb/cropped/xdb-117s-standing-calf-raise-m1-square-600x600.jpg,https://www.bodybuilding.com/images/2020/xdb/cropped/xdb-117s-standing-calf-raise-m2-square-600x600.jpg,https://www.bodybuilding.com/exercises/muscle/calves,calves,https://www.bodybuilding.com/exercises/equipment/machine,machine
push-ups - close triceps position,https://www.bodybuilding.com/exercises/push-ups-close-triceps-position,https://www.bodybuilding.com/images/2020/xdb/cropped/xdb-104a-close-push-up-m1-square-600x600.jpg,https://www.bodybuilding.com/images/2020/xdb/cropped/xdb-104a-close-push-up-m2-square-600x600.jpg,https://www.bodybuilding.com/exercises/muscle/triceps,triceps,https://www.bodybuilding.com/exercises/equipment/body-only,body only
one-arm long bar row,https://www.bodybuilding.com/exercises/one-arm-long-bar-row,https://www.bodybuilding.com/images/2020/xdb/cropped/xdb-124s-single-arm-landmine-bent-over-row-m1-square-600x600.jpg,https://www.bodybuilding.com/images/2020/xdb/cropped/xdb-124s-single-arm-landmine-bent-over-row-m3-square-600x600.jpg,https://www.bodybuilding.com/exercises/muscle/middle-back,middle back,https://www.bodybuilding.com/exercises/equipment/barbell,barbell
overhead cable curl,https://www.bodybuilding.com/exercises/overhead-cable-curl,,,https://www.bodybuilding.com/exercises/muscle/biceps,biceps,https://www.bodybuilding.com/exercises/equipment/cable,cable
single-dumbbell front raise,https://www.bodybuilding.com/exercises/single-dumbbell-raise,https://www.bodybuilding.com/images/2020/xdb/cropped/xdb-18d-single-dumbbell-front-raise-m1-square-600x600.jpg,https://www.bodybuilding.com/images/2020/xdb/cropped/xdb-18d-single-dumbbell-front-raise-m2-square-600x600.jpg,https://www.bodybuilding.com/exercises/muscle/shoulders,shoulders,https://www.bodybuilding.com/exercises/equipment/dumbbell,dumbbell
incline cable chest fly,https://www.bodybuilding.com/exercises/incline-cable-flye,https://www.bodybuilding.com/images/2020/xdb/cropped/xdb-10c-incline-cable-chest-fly-m1-square-600x600.jpg,https://www.bodybuilding.com/images/2020/xdb/cropped/xdb-10c-incline-cable-chest-fly-m2-square-600x600.jpg,https://www.bodybuilding.com/exercises/muscle/chest,chest,https://www.bodybuilding.com/exercises/equipment/cable,cable
single-leg depth squat,https://www.bodybuilding.com/exercises/single-leg-high-box-squat,https://www.bodybuilding.com/images/2020/xdb/cropped/xdb-68e-single-leg-depth-squat-m1-square-600x600.jpg,https://www.bodybuilding.com/images/2020/xdb/cropped/xdb-68e-single-leg-depth-squat-m4-square-600x600.jpg,https://www.bodybuilding.com/exercises/muscle/quadriceps,quadriceps,https://www.bodybuilding.com/exercises/equipment/bands,bands
dumbbell suitcase crunch,https://www.bodybuilding.com/exercises/weighted-suitcase-crunch,https://www.bodybuilding.com/images/2020/xdb/cropped/xdb-50d-dumbbell-suitcase-crunch-m1-square-600x600.jpg,https://www.bodybuilding.com/images/2020/xdb/cropped/xdb-50d-dumbbell-suitcase-crunch-m2-square-600x600.jpg,https://www.bodybuilding.com/exercises/muscle/abdominals,abdominals,https://www.bodybuilding.com/exercises/equipment/medicine-ball,medicine ball
plate twist,https://www.bodybuilding.com/exercises/plate-twist,https://www.bodybuilding.com/exercises/exerciseImages/sequences/106/Male/m/106_1.jpg,https://www.bodybuilding.com/exercises/exerciseImages/sequences/106/Male/m/106_2.jpg,https://www.bodybuilding.com/exercises/muscle/abdominals,abdominals,https://www.bodybuilding.com/exercises/equipment/other,other
single-leg cable hip extension,https://www.bodybuilding.com/exercises/one-legged-cable-kickback,https://www.bodybuilding.com/images/2020/xdb/cropped/xdb-43c-single-leg-cable-hip-extension-m1-square-600x600.jpg,https://www.bodybuilding.com/images/2020/xdb/cropped/xdb-43c-single-leg-cable-hip-extension-m2-square-600x600.jpg,https://www.bodybuilding.com/exercises/muscle/glutes,glutes,https://www.bodybuilding.com/exercises/equipment/cable,cable
weighted jump squat,https://www.bodybuilding.com/exercises/weighted-jump-squat-,https://www.bodybuilding.com/exercises/exerciseImages/sequences/887/Male/m/887_1.jpg,https://www.bodybuilding.com/exercises/exerciseImages/sequences/887/Male/m/887_2.jpg,https://www.bodybuilding.com/exercises/muscle/quadriceps,quadriceps,https://www.bodybuilding.com/exercises/equipment/barbell,barbell
squat with chains,https://www.bodybuilding.com/exercises/squat-with-chains,,,https://www.bodybuilding.com/exercises/muscle/quadriceps,quadriceps,https://www.bodybuilding.com/exercises/equipment/barbell,barbell
gorilla chin/crunch,https://www.bodybuilding.com/exercises/gorilla-chincrunch,,,https://www.bodybuilding.com/exercises/muscle/abdominals,abdominals,https://www.bodybuilding.com/exercises/equipment/body-only,body only
kneeling cable triceps extension,https://www.bodybuilding.com/exercises/kneeling-cable-triceps-extension,,,https://www.bodybuilding.com/exercises/muscle/triceps,triceps,https://www.bodybuilding.com/exercises/equipment/cable,cable
kneeling cable crunch with alternating oblique twists,https://www.bodybuilding.com/exercises/kneeling-cable-crunch-with-alternating-oblique-twists,,,https://www.bodybuilding.com/exercises/muscle/abdominals,abdominals,https://www.bodybuilding.com/exercises/finder,cables
bicycling,https://www.bodybuilding.com/exercises/bicycling,,,https://www.bodybuilding.com/exercises/muscle/quadriceps,quadriceps,https://www.bodybuilding.com/exercises/equipment/other,other
arnold press,https://www.bodybuilding.com/exercises/arnold-dumbbell-press,,,https://www.bodybuilding.com/exercises/muscle/shoulders,shoulders,https://www.bodybuilding.com/exercises/equipment/dumbbell,dumbbell
weighted crunches,https://www.bodybuilding.com/exercises/weighted-crunches,https://www.bodybuilding.com/images/2020/xdb/cropped/xdb-50d-dumbbell-suitcase-crunch-m1-square-600x600.jpg,https://www.bodybuilding.com/images/2020/xdb/cropped/xdb-50d-dumbbell-suitcase-crunch-m2-square-600x600.jpg,https://www.bodybuilding.com/exercises/muscle/abdominals,abdominals,https://www.bodybuilding.com/exercises/equipment/other,other
single-arm cable triceps extension,https://www.bodybuilding.com/exercises/cable-one-arm-tricep-extension,https://www.bodybuilding.com/images/2020/xdb/cropped/xdb-31c-single-arm-cable-triceps-extension-m1-square-600x600.jpg,https://www.bodybuilding.com/images/2020/xdb/cropped/xdb-31c-single-arm-cable-triceps-extension-m2-square-600x600.jpg,https://www.bodybuilding.com/exercises/muscle/triceps,triceps,https://www.bodybuilding.com/exercises/equipment/cable,cable
barbell roll-out,https://www.bodybuilding.com/exercises/barbell-ab-rollout,https://www.bodybuilding.com/images/2020/xdb/cropped/xdb-48b-barbell-roll-out-m1-square-600x600.jpg,https://www.bodybuilding.com/images/2020/xdb/cropped/xdb-48b-barbell-roll-out-m2-square-600x600.jpg,https://www.bodybuilding.com/exercises/muscle/abdominals,abdominals,https://www.bodybuilding.com/exercises/equipment/barbell,barbell
kneeling cable crunch,https://www.bodybuilding.com/exercises/cable-crunch,https://www.bodybuilding.com/images/2020/xdb/cropped/xdb-35c-kneeling-cable-crunch-m1-square-600x600.jpg,https://www.bodybuilding.com/images/2020/xdb/cropped/xdb-35c-kneeling-cable-crunch-m2-square-600x600.jpg,https://www.bodybuilding.com/exercises/muscle/abdominals,abdominals,https://www.bodybuilding.com/exercises/equipment/cable,cable
exercise ball pull-in,https://www.bodybuilding.com/exercises/exercise-ball-pull-in,,,https://www.bodybuilding.com/exercises/muscle/abdominals,abdominals,https://www.bodybuilding.com/exercises/equipment/exercise-ball,exercise ball
hanging leg raise,https://www.bodybuilding.com/exercises/hanging-leg-raise,https://www.bodybuilding.com/images/2020/xdb/cropped/xdb-9m-hanging-leg-raise-m1-square-600x600.jpg,https://www.bodybuilding.com/images/2020/xdb/cropped/xdb-9m-hanging-leg-raise-m2-square-600x600.jpg,https://www.bodybuilding.com/exercises/muscle/abdominals,abdominals,https://www.bodybuilding.com/exercises/equipment/body-only,body only
barbell ab rollout - on knees,https://www.bodybuilding.com/exercises/barbell-ab-rollout-on-knees,https://www.bodybuilding.com/images/2020/xdb/cropped/xdb-48b-barbell-roll-out-m1-square-600x600.jpg,https://www.bodybuilding.com/images/2020/xdb/cropped/xdb-48b-barbell-roll-out-m2-square-600x600.jpg,https://www.bodybuilding.com/exercises/muscle/abdominals,abdominals,https://www.bodybuilding.com/exercises/equipment/barbell,barbell
barbell squat,https://www.bodybuilding.com/exercises/barbell-squat,https://www.bodybuilding.com/images/2020/xdb/cropped/xdb-50b-barbell-back-squat-m1-square-600x600.jpg,https://www.bodybuilding.com/images/2020/xdb/cropped/xdb-50b-barbell-back-squat-m2-square-600x600.jpg,https://www.bodybuilding.com/exercises/muscle/quadriceps,quadriceps,https://www.bodybuilding.com/exercises/equipment/barbell,barbell
decline barbell bench press,https://www.bodybuilding.com/exercises/decline-barbell-bench-press,https://www.bodybuilding.com/images/2020/xdb/cropped/xdb-34n-decline-barbell-bench-press-m1-square-600x600.jpg,https://www.bodybuilding.com/images/2020/xdb/cropped/xdb-34n-decline-barbell-bench-press-m2-square-600x600.jpg,https://www.bodybuilding.com/exercises/muscle/chest,chest,https://www.bodybuilding.com/exercises/equipment/barbell,barbell
dumbbell bicep curl,https://www.bodybuilding.com/exercises/dumbbell-bicep-curl,,,https://www.bodybuilding.com/exercises/muscle/biceps,biceps,https://www.bodybuilding.com/exercises/equipment/dumbbell,dumbbell
dumbbell goblet squat,https://www.bodybuilding.com/exercises/dumbbell-goblet-squat,,,https://www.bodybuilding.com/exercises/muscle/quadriceps,quadriceps,https://www.bodybuilding.com/exercises/equipment/dumbbell,dumbbell
dumbbell squat,https://www.bodybuilding.com/exercises/dumbbell-squat,,,https://www.bodybuilding.com/exercises/muscle/quadriceps,quadriceps,https://www.bodybuilding.com/exercises/equipment/dumbbell,dumbbell
barbell front squat,https://www.bodybuilding.com/exercises/front-barbell-squat,https://www.bodybuilding.com/images/2020/xdb/cropped/xdb-51b-barbell-front-squat-m1-square-600x600.jpg,https://www.bodybuilding.com/images/2020/xdb/cropped/xdb-51b-barbell-front-squat-m2-square-600x600.jpg,https://www.bodybuilding.com/exercises/muscle/quadriceps,quadriceps,https://www.bodybuilding.com/exercises/equipment/barbell,barbell
close-grip pull-down,https://www.bodybuilding.com/exercises/v-bar-pulldown,,,https://www.bodybuilding.com/exercises/muscle/lats,lats,https://www.bodybuilding.com/exercises/equipment/cable,cable
triceps pushdown - rope attachment,https://www.bodybuilding.com/exercises/triceps-pushdown-rope-attachment,,,https://www.bodybuilding.com/exercises/muscle/triceps,triceps,https://www.bodybuilding.com/exercises/finder,cables
side-to-side box skip,https://www.bodybuilding.com/exercises/side-to-side-box-shuffle,https://www.bodybuilding.com/images/2020/xdb/cropped/xdb-69e-side-to-side-box-skip-m1-square-600x600.jpg,https://www.bodybuilding.com/images/2020/xdb/cropped/xdb-69e-side-to-side-box-skip-m3-square-600x600.jpg,https://www.bodybuilding.com/exercises/muscle/quadriceps,quadriceps,https://www.bodybuilding.com/exercises/equipment/body-only,body only
smith machine shoulder press,https://www.bodybuilding.com/exercises/smith-machine-overhead-shoulder-press,https://www.bodybuilding.com/images/2020/xdb/cropped/xdb-alt-31t-smith-machine-shoulder-press-m1-square-600x600.jpg,,https://www.bodybuilding.com/exercises/muscle/shoulders,shoulders,https://www.bodybuilding.com/exercises/equipment/machine,machine
seated triceps press,https://www.bodybuilding.com/exercises/seated-triceps-press,,,https://www.bodybuilding.com/exercises/muscle/triceps,triceps,https://www.bodybuilding.com/exercises/equipment/dumbbell,dumbbell
dumbbell lying supination,https://www.bodybuilding.com/exercises/dumbbell-lying-supination,,,https://www.bodybuilding.com/exercises/muscle/forearms,forearms,https://www.bodybuilding.com/exercises/finder,dumbbell
pull-up,https://www.bodybuilding.com/exercises/wide-grip-pull-up,https://www.bodybuilding.com/images/2020/xdb/cropped/xdb-92c-pull-up-m1-square-600x600.jpg,https://www.bodybuilding.com/images/2020/xdb/cropped/xdb-92c-pull-up-m2-square-600x600.jpg,https://www.bodybuilding.com/exercises/muscle/lats,lats,https://www.bodybuilding.com/exercises/equipment/body-only,body only
wide-grip bench press,https://www.bodybuilding.com/exercises/wide-grip-barbell-bench-press,https://www.bodybuilding.com/images/2020/xdb/cropped/xdb-84e-wide-grip-bench-press-m1-square-600x600.jpg,https://www.bodybuilding.com/images/2020/xdb/cropped/xdb-84e-wide-grip-bench-press-m2-square-600x600.jpg,https://www.bodybuilding.com/exercises/muscle/chest,chest,https://www.bodybuilding.com/exercises/equipment/barbell,barbell
close-grip ez-bar curl,https://www.bodybuilding.com/exercises/close-grip-ez-bar-curl,https://www.bodybuilding.com/images/2020/xdb/cropped/xdb-47s-close-grip-ez-bar-curl-m1-square-600x600.jpg,https://www.bodybuilding.com/images/2020/xdb/cropped/xdb-47s-close-grip-ez-bar-curl-m2-square-600x600.jpg,https://www.bodybuilding.com/exercises/muscle/biceps,biceps,https://www.bodybuilding.com/exercises/equipment/barbell,barbell
t-bar row,https://www.bodybuilding.com/exercises/t-bar-row,https://www.bodybuilding.com/images/2020/xdb/3381_1.jpg,https://www.bodybuilding.com/images/2020/xdb/3381_2.jpg,https://www.bodybuilding.com/exercises/muscle/middle-back,middle back,https://www.bodybuilding.com/exercises/equipment/other,other
bent over two-arm long bar row,https://www.bodybuilding.com/exercises/bent-over-two-arm-long-bar-row,https://www.bodybuilding.com/exercises/exerciseImages/sequences/18/Male/m/18_1.jpg,https://www.bodybuilding.com/exercises/exerciseImages/sequences/18/Male/m/18_2.jpg,https://www.bodybuilding.com/exercises/muscle/middle-back,middle back,https://www.bodybuilding.com/exercises/equipment/barbell,barbell
muscle up,https://www.bodybuilding.com/exercises/muscle-up,,,https://www.bodybuilding.com/exercises/muscle/lats,lats,https://www.bodybuilding.com/exercises/equipment/body-only,body only
machine shoulder press,https://www.bodybuilding.com/exercises/leverage-shoulder-press,,,https://www.bodybuilding.com/exercises/muscle/shoulders,shoulders,https://www.bodybuilding.com/exercises/equipment/machine,machine
incline ez-bar skullcrusher,https://www.bodybuilding.com/exercises/incline-barbell-triceps-extension,,,https://www.bodybuilding.com/exercises/muscle/triceps,triceps,https://www.bodybuilding.com/exercises/equipment/barbell,barbell
alternating sit-through with crunch,https://www.bodybuilding.com/exercises/bent-over-one-arm-long-bar-row,https://www.bodybuilding.com/images/2020/xdb/cropped/xdb-124s-single-arm-landmine-bent-over-row-m1-square-600x600.jpg,https://www.bodybuilding.com/images/2020/xdb/cropped/xdb-124s-single-arm-landmine-bent-over-row-m3-square-600x600.jpg,https://www.bodybuilding.com/exercises/muscle/middle-back,middle back,https://www.bodybuilding.com/exercises/equipment/other,other
wide-grip decline barbell bench press,https://www.bodybuilding.com/exercises/wide-grip-decline-barbell-bench-press,,,https://www.bodybuilding.com/exercises/muscle/chest,chest,https://www.bodybuilding.com/exercises/equipment/barbell,barbell
rower,https://www.bodybuilding.com/exercises/rowing-stationary,,,https://www.bodybuilding.com/exercises/muscle/middle-back,middle back,https://www.bodybuilding.com/exercises/equipment/machine,machine
snatch deadlift,https://www.bodybuilding.com/exercises/snatch-deadlift,,,https://www.bodybuilding.com/exercises/muscle/hamstrings,hamstrings,https://www.bodybuilding.com/exercises/equipment/barbell,barbell
front plate raise,https://www.bodybuilding.com/exercises/front-plate-raise,,,https://www.bodybuilding.com/exercises/muscle/shoulders,shoulders,https://www.bodybuilding.com/exercises/equipment/other,other
decline close-grip bench to skull crusher,https://www.bodybuilding.com/exercises/decline-close-grip-bench-to-skull-crusher,https://www.bodybuilding.com/exercises/exerciseImages/sequences/288/Male/m/288_1.jpg,https://www.bodybuilding.com/exercises/exerciseImages/sequences/288/Male/m/288_2.jpg,https://www.bodybuilding.com/exercises/muscle/triceps,triceps,https://www.bodybuilding.com/exercises/equipment/barbell,barbell
lying leg curls,https://www.bodybuilding.com/exercises/lying-leg-curls,https://www.bodybuilding.com/images/2020/xdb/cropped/xdb-20m-lying-leg-curl-m1-square-600x600.jpg,https://www.bodybuilding.com/images/2020/xdb/cropped/xdb-20m-lying-leg-curl-m2-square-600x600.jpg,https://www.bodybuilding.com/exercises/muscle/hamstrings,hamstrings,https://www.bodybuilding.com/exercises/equipment/machine,machine
cross-body hammer curl,https://www.bodybuilding.com/exercises/cross-body-hammer-curl,https://www.bodybuilding.com/images/2020/xdb/cropped/xdb-4d-cross-body-hammer-curl-m1-square-600x600.jpg,https://www.bodybuilding.com/images/2020/xdb/cropped/xdb-4d-cross-body-hammer-curl-m2-square-600x600.jpg,https://www.bodybuilding.com/exercises/muscle/biceps,biceps,https://www.bodybuilding.com/exercises/equipment/dumbbell,dumbbell
shotgun row,https://www.bodybuilding.com/exercises/shotgun-row,https://www.bodybuilding.com/images/2020/xdb/cropped/xdb-37c-shotgun-row-m1-square-600x600.jpg,https://www.bodybuilding.com/images/2020/xdb/cropped/xdb-37c-shotgun-row-m2-square-600x600.jpg,https://www.bodybuilding.com/exercises/muscle/lats,lats,https://www.bodybuilding.com/exercises/equipment/cable,cable
ab roller,https://www.bodybuilding.com/exercises/ab-roller,https://www.bodybuilding.com/images/2020/xdb/cropped/xdb-2s-ab-wheel-roll-out-m1-square-600x600.jpg,https://www.bodybuilding.com/images/2020/xdb/cropped/xdb-2s-ab-wheel-roll-out-m2-square-600x600.jpg,https://www.bodybuilding.com/exercises/muscle/abdominals,abdominals,https://www.bodybuilding.com/exercises/equipment/other,other
reverse-grip incline dumbbell bench press,https://www.bodybuilding.com/exercises/incline-dumbbell-press-reverse-grip,https://www.bodybuilding.com/images/2020/xdb/cropped/xdb-4n-reverse-grip-incline-dumbbell-bench-press-m1-square-600x600.jpg,https://www.bodybuilding.com/images/2020/xdb/cropped/xdb-4n-reverse-grip-incline-dumbbell-bench-press-m2-square-600x600.jpg,https://www.bodybuilding.com/exercises/muscle/chest,chest,https://www.bodybuilding.com/exercises/equipment/dumbbell,dumbbell
leg press,https://www.bodybuilding.com/exercises/leg-press,https://www.bodybuilding.com/images/2020/xdb/cropped/xdb-44m-leg-press-m1-square-600x600.jpg,https://www.bodybuilding.com/images/2020/xdb/cropped/xdb-44m-leg-press-m2-square-600x600.jpg,https://www.bodybuilding.com/exercises/muscle/quadriceps,quadriceps,https://www.bodybuilding.com/exercises/equipment/machine,machine
stiff-legged dumbbell deadlift,https://www.bodybuilding.com/exercises/stiff-legged-dumbbell-deadlift,https://www.bodybuilding.com/images/2020/xdb/cropped/xdb-9d-dumbbell-stiff-legged-deadlift-m1-square-600x600.jpg,https://www.bodybuilding.com/images/2020/xdb/cropped/xdb-9d-dumbbell-stiff-legged-deadlift-m2-square-600x600.jpg,https://www.bodybuilding.com/exercises/muscle/hamstrings,hamstrings,https://www.bodybuilding.com/exercises/equipment/dumbbell,dumbbell
cable crossover,https://www.bodybuilding.com/exercises/cable-crossover,,,https://www.bodybuilding.com/exercises/muscle/chest,chest,https://www.bodybuilding.com/exercises/equipment/cable,cable
barbell incline bench press medium-grip,https://www.bodybuilding.com/exercises/barbell-incline-bench-press-medium-grip,,,https://www.bodybuilding.com/exercises/muscle/chest,chest,https://www.bodybuilding.com/exercises/equipment/barbell,barbell
incline dumbbell flyes,https://www.bodybuilding.com/exercises/incline-dumbbell-flyes,,,https://www.bodybuilding.com/exercises/muscle/chest,chest,https://www.bodybuilding.com/exercises/equipment/dumbbell,dumbbell
seated cable rows,https://www.bodybuilding.com/exercises/seated-cable-rows,,,https://www.bodybuilding.com/exercises/muscle/middle-back,middle back,https://www.bodybuilding.com/exercises/equipment/cable,cable
tricep dumbbell kickback,https://www.bodybuilding.com/exercises/tricep-dumbbell-kickback,https://www.bodybuilding.com/images/2020/xdb/cropped/xdb-76d-single-arm-triceps-kick-back-m2-square-600x600.jpg,https://www.bodybuilding.com/images/2020/xdb/cropped/xdb-76d-single-arm-triceps-kick-back-m3-square-600x600.jpg,https://www.bodybuilding.com/exercises/muscle/triceps,triceps,https://www.bodybuilding.com/exercises/equipment/dumbbell,dumbbell
otis-up,https://www.bodybuilding.com/exercises/otis-up,,,https://www.bodybuilding.com/exercises/muscle/abdominals,abdominals,https://www.bodybuilding.com/exercises/equipment/other,other
mountain climber,https://www.bodybuilding.com/exercises/mountain-climbers,https://www.bodybuilding.com/images/2020/xdb/cropped/xdb-201a-mountain-climber-m1-square-600x600.jpg,https://www.bodybuilding.com/images/2020/xdb/cropped/xdb-201a-mountain-climber-m3-square-600x600.jpg,https://www.bodybuilding.com/exercises/muscle/abdominals,abdominals,https://www.bodybuilding.com/exercises/equipment/body-only,body only
ab bicycle,https://www.bodybuilding.com/exercises/air-bike,https://www.bodybuilding.com/images/2020/xdb/cropped/xdb-73a-ab-cycle-m2-square-600x600.jpg,https://www.bodybuilding.com/images/2020/xdb/cropped/xdb-73a-ab-cycle-m3-square-600x600.jpg,https://www.bodybuilding.com/exercises/muscle/abdominals,abdominals,https://www.bodybuilding.com/exercises/equipment/body-only,body only
barbell forward lunge,https://www.bodybuilding.com/exercises/barbell-lunge,https://www.bodybuilding.com/images/2020/xdb/cropped/xdb-43b-barbell-forward-lunge-m1-square-600x600.jpg,https://www.bodybuilding.com/images/2020/xdb/cropped/xdb-43b-barbell-forward-lunge-m2-square-600x600.jpg,https://www.bodybuilding.com/exercises/muscle/quadriceps,quadriceps,https://www.bodybuilding.com/exercises/equipment/barbell,barbell
3/4 sit-up,https://www.bodybuilding.com/exercises/34-sit-up,https://www.bodybuilding.com/images/2020/xdb/cropped/xdb-149a-34-sit-up-m1-square-600x600.jpg,https://www.bodybuilding.com/images/2020/xdb/cropped/xdb-149a-34-sit-up-m3-square-600x600.jpg,https://www.bodybuilding.com/exercises/muscle/abdominals,abdominals,https://www.bodybuilding.com/exercises/equipment/body-only,body only
exercise ball leg curl,https://www.bodybuilding.com/exercises/ball-leg-curl,https://www.bodybuilding.com/images/2020/xdb/cropped/xdb-21s-exercise-ball-leg-curl-m1-square-600x600.jpg,https://www.bodybuilding.com/images/2020/xdb/cropped/xdb-21s-exercise-ball-leg-curl-m2-square-600x600.jpg,https://www.bodybuilding.com/exercises/muscle/hamstrings,hamstrings,https://www.bodybuilding.com/exercises/equipment/exercise-ball,exercise ball
glute bridge,https://www.bodybuilding.com/exercises/butt-lift-bridge,https://www.bodybuilding.com/images/2020/xdb/cropped/xdb-59a-glute-bridge-m1-square-600x600.jpg,https://www.bodybuilding.com/images/2020/xdb/cropped/xdb-59a-glute-bridge-m2-square-600x600.jpg,https://www.bodybuilding.com/exercises/muscle/glutes,glutes,https://www.bodybuilding.com/exercises/equipment/body-only,body only
close-grip front lat pulldown,https://www.bodybuilding.com/exercises/close-grip-front-lat-pulldown,https://www.bodybuilding.com/images/2020/xdb/cropped/xdb-73c-close-grip-pull-down-m1-square-600x600.jpg,https://www.bodybuilding.com/images/2020/xdb/cropped/xdb-73c-close-grip-pull-down-m2-square-600x600.jpg,https://www.bodybuilding.com/exercises/muscle/lats,lats,https://www.bodybuilding.com/exercises/equipment/cable,cable
dip machine,https://www.bodybuilding.com/exercises/dip-machine,https://www.bodybuilding.com/exercises/exerciseImages/sequences/146/Male/m/146_1.jpg,https://www.bodybuilding.com/exercises/exerciseImages/sequences/146/Male/m/146_2.jpg,https://www.bodybuilding.com/exercises/muscle/triceps,triceps,https://www.bodybuilding.com/exercises/equipment/cable,cable
incline dumbbell row,https://www.bodybuilding.com/exercises/dumbbell-incline-row,,,https://www.bodybuilding.com/exercises/muscle/middle-back,middle back,https://www.bodybuilding.com/exercises/equipment/dumbbell,dumbbell
dumbbell lunges,https://www.bodybuilding.com/exercises/dumbbell-lunges,,,https://www.bodybuilding.com/exercises/muscle/quadriceps,quadriceps,https://www.bodybuilding.com/exercises/equipment/dumbbell,dumbbell
single-arm standing shoulder press,https://www.bodybuilding.com/exercises/dumbbell-one-arm-shoulder-press,,,https://www.bodybuilding.com/exercises/muscle/shoulders,shoulders,https://www.bodybuilding.com/exercises/equipment/dumbbell,dumbbell
preacher curl,https://www.bodybuilding.com/exercises/preacher-curl,https://www.bodybuilding.com/images/2020/xdb/cropped/xdb-55s-ez-bar-preacher-curl-m1-square-600x600.jpg,https://www.bodybuilding.com/images/2020/xdb/cropped/xdb-55s-ez-bar-preacher-curl-m2-square-600x600.jpg,https://www.bodybuilding.com/exercises/muscle/biceps,biceps,https://www.bodybuilding.com/exercises/equipment/barbell,barbell
reverse crunch,https://www.bodybuilding.com/exercises/reverse-crunch,https://www.bodybuilding.com/images/2020/xdb/cropped/2019-xdb-263a-reverse-crunch-m1-600x600.jpg,https://www.bodybuilding.com/images/2020/xdb/cropped/2019-xdb-263a-reverse-crunch-m2-600x600.jpg,https://www.bodybuilding.com/exercises/muscle/abdominals,abdominals,https://www.bodybuilding.com/exercises/equipment/body-only,body only
standing dumbbell triceps extension,https://www.bodybuilding.com/exercises/standing-dumbbell-triceps-extension,https://www.bodybuilding.com/images/2020/june/345_1.jpg,https://www.bodybuilding.com/images/2020/june/345_2.jpg,https://www.bodybuilding.com/exercises/muscle/triceps,triceps,https://www.bodybuilding.com/exercises/equipment/dumbbell,dumbbell
elliptical trainer,https://www.bodybuilding.com/exercises/elliptical-trainer,https://www.bodybuilding.com/images/2020/xdb/cropped/xdb-22m-elliptical-trainer-m1-square-600x600.jpg,https://www.bodybuilding.com/images/2020/xdb/cropped/xdb-22m-elliptical-trainer-m2-square-600x600.jpg,https://www.bodybuilding.com/exercises/muscle/quadriceps,quadriceps,https://www.bodybuilding.com/exercises/equipment/machine,machine
bodyweight squat,https://www.bodybuilding.com/exercises/bodyweight-squat,https://www.bodybuilding.com/images/2020/xdb/cropped/xdb-27a-bodyweight-squat-m1-square-600x600.jpg,https://www.bodybuilding.com/images/2020/xdb/cropped/xdb-27a-bodyweight-squat-m2-square-600x600.jpg,https://www.bodybuilding.com/exercises/muscle/quadriceps,quadriceps,https://www.bodybuilding.com/exercises/equipment/body-only,body only
bent over two-dumbbell row with palms in,https://www.bodybuilding.com/exercises/bent-over-two-dumbbell-row-with-palms-in,https://www.bodybuilding.com/exercises/exerciseImages/sequences/17/Male/m/17_1.jpg,https://www.bodybuilding.com/exercises/exerciseImages/sequences/17/Male/m/17_2.jpg,https://www.bodybuilding.com/exercises/muscle/middle-back,middle back,https://www.bodybuilding.com/exercises/equipment/dumbbell,dumbbell
hex-bar deadlift,https://www.bodybuilding.com/exercises/trap-bar-deadlift,https://www.bodybuilding.com/images/2020/xdb/cropped/xdb-123s-hex-bar-deadlift-m1-square-600x600.jpg,https://www.bodybuilding.com/images/2020/xdb/cropped/xdb-123s-hex-bar-deadlift-m2-square-600x600.jpg,https://www.bodybuilding.com/exercises/muscle/quadriceps,quadriceps,https://www.bodybuilding.com/exercises/equipment/other,other
narrow-stance leg press,https://www.bodybuilding.com/exercises/narrow-stance-leg-press,https://www.bodybuilding.com/images/2020/xdb/cropped/xdb-46m-wide-stance-leg-press-m1-square-600x600.jpg,https://www.bodybuilding.com/images/2020/xdb/cropped/xdb-46m-wide-stance-leg-press-m2-square-600x600.jpg,https://www.bodybuilding.com/exercises/muscle/quadriceps,quadriceps,https://www.bodybuilding.com/exercises/equipment/machine,machine
single-leg glute bridge,https://www.bodybuilding.com/exercises/single-leg-glute-bridge,https://www.bodybuilding.com/images/2020/xdb/cropped/xdb-61a-single-leg-glute-bridge-m1-square-600x600.jpg,https://www.bodybuilding.com/images/2020/xdb/cropped/xdb-61a-single-leg-glute-bridge-m3-square-600x600.jpg,https://www.bodybuilding.com/exercises/muscle/glutes,glutes,https://www.bodybuilding.com/exercises/equipment/body-only,body only
barbell curls lying against an incline,https://www.bodybuilding.com/exercises/barbell-curls-lying-against-an-incline,https://www.bodybuilding.com/exercises/exerciseImages/sequences/300/Male/m/300_1.jpg,https://www.bodybuilding.com/exercises/exerciseImages/sequences/300/Male/m/300_2.jpg,https://www.bodybuilding.com/exercises/muscle/biceps,biceps,https://www.bodybuilding.com/exercises/equipment/barbell,barbell
standing hip circles,https://www.bodybuilding.com/exercises/standing-hip-circles,https://www.bodybuilding.com/exercises/exerciseImages/sequences/873/Male/m/873_1.jpg,https://www.bodybuilding.com/exercises/exerciseImages/sequences/873/Male/m/873_2.jpg,https://www.bodybuilding.com/exercises/muscle/abductors,abductors,https://www.bodybuilding.com/exercises/equipment/body-only,body only
clam,https://www.bodybuilding.com/exercises/clam,https://www.bodybuilding.com/images/2020/april/2843_1.jpg,https://www.bodybuilding.com/images/2020/april/2843_2.jpg,https://www.bodybuilding.com/exercises/muscle/abductors,abductors,https://www.bodybuilding.com/exercises/finder,body only
narrow stance hack squats,https://www.bodybuilding.com/exercises/narrow-stance-hack-squats,,,https://www.bodybuilding.com/exercises/muscle/quadriceps,quadriceps,https://www.bodybuilding.com/exercises/equipment/machine,machine
seated close-grip concentration barbell curl,https://www.bodybuilding.com/exercises/seated-close-grip-concentration-barbell-curl,,,https://www.bodybuilding.com/exercises/muscle/biceps,biceps,https://www.bodybuilding.com/exercises/equipment/barbell,barbell
dumbbell lying pronation,https://www.bodybuilding.com/exercises/dumbbell-lying-pronation,,,https://www.bodybuilding.com/exercises/muscle/forearms,forearms,https://www.bodybuilding.com/exercises/finder,dumbbell
smith machine box squat,https://www.bodybuilding.com/exercises/chair-squat,,,https://www.bodybuilding.com/exercises/muscle/quadriceps,quadriceps,https://www.bodybuilding.com/exercises/equipment/barbell,barbell
drop push,https://www.bodybuilding.com/exercises/drop-push,,,https://www.bodybuilding.com/exercises/muscle/chest,chest,https://www.bodybuilding.com/exercises/equipment/other,other
upside-down pull-up,https://www.bodybuilding.com/exercises/bodyweight-mid-row,,,https://www.bodybuilding.com/exercises/muscle/middle-back,middle back,https://www.bodybuilding.com/exercises/equipment/other,other
reverse barbell preacher curls,https://www.bodybuilding.com/exercises/reverse-barbell-preacher-curls,,,https://www.bodybuilding.com/exercises/muscle/biceps,biceps,https://www.bodybuilding.com/exercises/equipment/ez-curl-bar,e-z curl bar
close-grip ez-bar bench press,https://www.bodybuilding.com/exercises/close-grip-ez-bar-press,,,https://www.bodybuilding.com/exercises/muscle/chest,chest,https://www.bodybuilding.com/exercises/equipment/ez-curl-bar,e-z curl bar
incline push-up,https://www.bodybuilding.com/exercises/incline-push-up,,,https://www.bodybuilding.com/exercises/muscle/chest,chest,https://www.bodybuilding.com/exercises/equipment/body-only,body only
hyperextensions with no hyperextension bench,https://www.bodybuilding.com/exercises/hyperextensions-with-no-hyperextension-bench,,,https://www.bodybuilding.com/exercises/muscle/lower-back,lower back,https://www.bodybuilding.com/exercises/equipment/body-only,body only
dumbbell front raise,https://www.bodybuilding.com/exercises/front-two-dumbbell-raise,https://www.bodybuilding.com/images/2020/xdb/cropped/xdb-13d-dumbbell-front-raise-m2-square-600x600.jpg,,https://www.bodybuilding.com/exercises/muscle/shoulders,shoulders,https://www.bodybuilding.com/exercises/equipment/dumbbell,dumbbell
parallel bar dip,https://www.bodybuilding.com/exercises/parallel-bar-dip,https://www.bodybuilding.com/images/2020/xdb/cropped/xdb-1m-triceps-dip-m1-square-600x600.jpg,https://www.bodybuilding.com/images/2020/xdb/cropped/xdb-1m-triceps-dip-m2-square-600x600.jpg,https://www.bodybuilding.com/exercises/muscle/triceps,triceps,https://www.bodybuilding.com/exercises/equipment/body-only,body only
stairmaster,https://www.bodybuilding.com/exercises/stairmaster,https://www.bodybuilding.com/images/2020/xdb/cropped/xdb-51m-stair-climber-m1-square-600x600.jpg,https://www.bodybuilding.com/images/2020/xdb/cropped/xdb-51m-stair-climber-m2-square-600x600.jpg,https://www.bodybuilding.com/exercises/muscle/quadriceps,quadriceps,https://www.bodybuilding.com/exercises/equipment/machine,machine
double leg butt kick,https://www.bodybuilding.com/exercises/double-leg-butt-kick,https://www.bodybuilding.com/exercises/exerciseImages/sequences/778/Male/m/778_1.jpg,https://www.bodybuilding.com/exercises/exerciseImages/sequences/778/Male/m/778_2.jpg,https://www.bodybuilding.com/exercises/muscle/quadriceps,quadriceps,https://www.bodybuilding.com/exercises/finder,body only
groiners,https://www.bodybuilding.com/exercises/groiners-,,,https://www.bodybuilding.com/exercises/muscle/adductors,adductors,https://www.bodybuilding.com/exercises/equipment/body-only,body only
neck press,https://www.bodybuilding.com/exercises/neck-press,,,https://www.bodybuilding.com/exercises/muscle/chest,chest,https://www.bodybuilding.com/exercises/equipment/barbell,barbell
broad jump,https://www.bodybuilding.com/exercises/standing-long-jump,,,https://www.bodybuilding.com/exercises/muscle/quadriceps,quadriceps,https://www.bodybuilding.com/exercises/equipment/body-only,body only
machine squat,https://www.bodybuilding.com/exercises/machine-squat,,,https://www.bodybuilding.com/exercises/muscle/quadriceps,quadriceps,https://www.bodybuilding.com/exercises/equipment/machine,machine
v-bar pull-up,https://www.bodybuilding.com/exercises/v-bar-pullup,https://www.bodybuilding.com/images/2020/xdb/cropped/2020-xdb-140c-v-bar-pull-up-m1-crop-600x600.jpg,,https://www.bodybuilding.com/exercises/muscle/lats,lats,https://www.bodybuilding.com/exercises/finder,body only
ring dip,https://www.bodybuilding.com/exercises/ring-dips,,,https://www.bodybuilding.com/exercises/muscle/triceps,triceps,https://www.bodybuilding.com/exercises/equipment/body-only,body only
standing one-arm cable curl,https://www.bodybuilding.com/exercises/standing-one-arm-cable-curl,,,https://www.bodybuilding.com/exercises/muscle/biceps,biceps,https://www.bodybuilding.com/exercises/equipment/cable,cable
burpee,https://www.bodybuilding.com/exercises/burpee,https://www.bodybuilding.com/images/2020/xdb/cropped/xdb-38a-burpee-m4-square-600x600.jpg,,https://www.bodybuilding.com/exercises/muscle/quadriceps,quadriceps,https://www.bodybuilding.com/exercises/equipment/body-only,body only
double-arm triceps kick-back,https://www.bodybuilding.com/exercises/standing-bent-over-two-arm-dumbbell-triceps-extension,https://www.bodybuilding.com/images/2020/xdb/cropped/xdb-75d-double-arm-triceps-kick-back-m2-square-600x600.jpg,https://www.bodybuilding.com/images/2020/xdb/cropped/xdb-75d-double-arm-triceps-kick-back-m3-square-600x600.jpg,https://www.bodybuilding.com/exercises/muscle/triceps,triceps,https://www.bodybuilding.com/exercises/equipment/dumbbell,dumbbell
dumbbell reverse lunge,https://www.bodybuilding.com/exercises/dumbbell-rear-lunge,https://www.bodybuilding.com/images/2020/xdb/cropped/xdb-83d-dumbbell-reverse-lunge-m1-square-600x600.jpg,,https://www.bodybuilding.com/exercises/muscle/quadriceps,quadriceps,https://www.bodybuilding.com/exercises/equipment/dumbbell,dumbbell
seated calf raise,https://www.bodybuilding.com/exercises/seated-calf-raise,https://www.bodybuilding.com/images/2020/xdb/cropped/xdb-13m-machine-seated-calf-raise-m1-square-600x600.jpg,https://www.bodybuilding.com/images/2020/xdb/cropped/xdb-13m-machine-seated-calf-raise-m2-square-600x600.jpg,https://www.bodybuilding.com/exercises/muscle/calves,calves,https://www.bodybuilding.com/exercises/equipment/machine,machine
standing dumbbell shrug,https://www.bodybuilding.com/exercises/dumbbell-shrug,https://www.bodybuilding.com/images/2020/xdb/cropped/xdb-115d-standing-dumbbell-shrug-m1-square-600x600.jpg,https://www.bodybuilding.com/images/2020/xdb/cropped/xdb-115d-standing-dumbbell-shrug-m2-square-600x600.jpg,https://www.bodybuilding.com/exercises/muscle/traps,traps,https://www.bodybuilding.com/exercises/equipment/dumbbell,dumbbell
calf press on the leg press machine,https://www.bodybuilding.com/exercises/calf-press-on-the-leg-press-machine,,,https://www.bodybuilding.com/exercises/muscle/calves,calves,https://www.bodybuilding.com/exercises/equipment/machine,machine
barbell step-up,https://www.bodybuilding.com/exercises/barbell-step-ups,,,https://www.bodybuilding.com/exercises/muscle/quadriceps,quadriceps,https://www.bodybuilding.com/exercises/equipment/barbell,barbell
feet-elevated bench dip,https://www.bodybuilding.com/exercises/bench-dips,,,https://www.bodybuilding.com/exercises/muscle/triceps,triceps,https://www.bodybuilding.com/exercises/equipment/body-only,body only
bent over barbell row,https://www.bodybuilding.com/exercises/bent-over-barbell-row,,,https://www.bodybuilding.com/exercises/muscle/middle-back,middle back,https://www.bodybuilding.com/exercises/equipment/barbell,barbell
crunches,https://www.bodybuilding.com/exercises/crunches,,,https://www.bodybuilding.com/exercises/muscle/abdominals,abdominals,https://www.bodybuilding.com/exercises/equipment/body-only,body only
dumbbell alternate bicep curl,https://www.bodybuilding.com/exercises/dumbbell-alternate-bicep-curl,,,https://www.bodybuilding.com/exercises/muscle/biceps,biceps,https://www.bodybuilding.com/exercises/equipment/dumbbell,dumbbell
bent-over dumbbell rear delt row,https://www.bodybuilding.com/exercises/dumbbell-rear-delt-row,,,https://www.bodybuilding.com/exercises/muscle/shoulders,shoulders,https://www.bodybuilding.com/exercises/equipment/dumbbell,dumbbell
external rotation with cable,https://www.bodybuilding.com/exercises/external-rotation-with-cable,,,https://www.bodybuilding.com/exercises/muscle/shoulders,shoulders,https://www.bodybuilding.com/exercises/finder,cables
handstand push-up,https://www.bodybuilding.com/exercises/handstand-push-ups,,,https://www.bodybuilding.com/exercises/muscle/shoulders,shoulders,https://www.bodybuilding.com/exercises/equipment/body-only,body only
single-arm dumbbell preacher curl,https://www.bodybuilding.com/exercises/one-arm-dumbbell-preacher-curl,https://www.bodybuilding.com/images/2020/xdb/cropped/xdb-53s-single-arm-dumbbell-preacher-curl-m1-square-600x600.jpg,https://www.bodybuilding.com/images/2020/xdb/cropped/xdb-53s-single-arm-dumbbell-preacher-curl-m2-square-600x600.jpg,https://www.bodybuilding.com/exercises/muscle/biceps,biceps,https://www.bodybuilding.com/exercises/equipment/dumbbell,dumbbell
step-up with knee raise,https://www.bodybuilding.com/exercises/step-up-with-knee-raise,https://www.bodybuilding.com/images/2020/xdb/cropped/xdb-70e-step-up-with-knee-raise-m1-square-600x600.jpg,https://www.bodybuilding.com/images/2020/xdb/cropped/xdb-70e-step-up-with-knee-raise-m2-square-600x600.jpg,https://www.bodybuilding.com/exercises/muscle/glutes,glutes,https://www.bodybuilding.com/exercises/equipment/body-only,body only
smith machine back squat,https://www.bodybuilding.com/exercises/smith-machine-squat,https://www.bodybuilding.com/images/2020/xdb/cropped/xdb-18t-smith-machine-back-squat-m1-square-600x600.jpg,https://www.bodybuilding.com/images/2020/xdb/cropped/xdb-18t-smith-machine-back-squat-m2-square-600x600.jpg,https://www.bodybuilding.com/exercises/muscle/quadriceps,quadriceps,https://www.bodybuilding.com/exercises/equipment/machine,machine
incline dumbbell front raise,https://www.bodybuilding.com/exercises/front-incline-dumbbell-raise,,,https://www.bodybuilding.com/exercises/muscle/shoulders,shoulders,https://www.bodybuilding.com/exercises/equipment/dumbbell,dumbbell
alternate incline dumbbell curl,https://www.bodybuilding.com/exercises/alternate-incline-dumbbell-curl,https://www.bodybuilding.com/images/2020/xdb/cropped/xdb-26n-alternating-incline-dumbbell-biceps-curl-m1-square-600x600.jpg,https://www.bodybuilding.com/images/2020/xdb/cropped/xdb-26n-alternating-incline-dumbbell-biceps-curl-m2-square-600x600.jpg,https://www.bodybuilding.com/exercises/muscle/biceps,biceps,https://www.bodybuilding.com/exercises/equipment/dumbbell,dumbbell
standing dumbbell upright row,https://www.bodybuilding.com/exercises/standing-dumbbell-upright-row,https://www.bodybuilding.com/images/2020/xdb/cropped/xdb-125d-standing-dumbbell-upright-row-m1-square-600x600.jpg,https://www.bodybuilding.com/images/2020/xdb/cropped/xdb-125d-standing-dumbbell-upright-row-m2-square-600x600.jpg,https://www.bodybuilding.com/exercises/muscle/traps,traps,https://www.bodybuilding.com/exercises/equipment/dumbbell,dumbbell
single-arm cable front raise,https://www.bodybuilding.com/exercises/front-cable-raise,https://www.bodybuilding.com/images/2020/xdb/cropped/xdb-42c-single-arm-cable-front-raise-m1-square-600x600.jpg,https://www.bodybuilding.com/images/2020/xdb/cropped/xdb-42c-single-arm-cable-front-raise-m2-square-600x600.jpg,https://www.bodybuilding.com/exercises/muscle/shoulders,shoulders,https://www.bodybuilding.com/exercises/equipment/cable,cable
two-arm kettlebell military press,https://www.bodybuilding.com/exercises/two-arm-kettlebell-military-press,https://www.bodybuilding.com/exercises/exerciseImages/sequences/530/Male/m/530_1.jpg,https://www.bodybuilding.com/exercises/exerciseImages/sequences/530/Male/m/530_2.jpg,https://www.bodybuilding.com/exercises/muscle/shoulders,shoulders,https://www.bodybuilding.com/exercises/equipment/kettlebells,kettlebells
incline cable chest press,https://www.bodybuilding.com/exercises/incline-cable-chest-press,https://www.bodybuilding.com/images/2020/xdb/cropped/xdb-11c-incline-cable-chest-press-m1-square-600x600.jpg,https://www.bodybuilding.com/images/2020/xdb/cropped/xdb-11c-incline-cable-chest-press-m2-square-600x600.jpg,https://www.bodybuilding.com/exercises/muscle/chest,chest,https://www.bodybuilding.com/exercises/equipment/cable,cable
rope climb,https://www.bodybuilding.com/exercises/rope-climb,,,https://www.bodybuilding.com/exercises/muscle/lats,lats,https://www.bodybuilding.com/exercises/equipment/body-only,body only
trail running/walking,https://www.bodybuilding.com/exercises/trail-runningwalking,,,https://www.bodybuilding.com/exercises/muscle/quadriceps,quadriceps,https://www.bodybuilding.com/exercises/equipment/body-only,body only
standing bradford press,https://www.bodybuilding.com/exercises/standing-bradford-press,,,https://www.bodybuilding.com/exercises/muscle/shoulders,shoulders,https://www.bodybuilding.com/exercises/equipment/barbell,barbell
neutral-grip dumbbell bench press,https://www.bodybuilding.com/exercises/dumbbell-bench-press-with-neutral-grip,,,https://www.bodybuilding.com/exercises/muscle/chest,chest,https://www.bodybuilding.com/exercises/equipment/dumbbell,dumbbell
cable chest press,https://www.bodybuilding.com/exercises/cable-chest-press,https://www.bodybuilding.com/exercises/exerciseImages/sequences/870/Male/m/870_1.jpg,https://www.bodybuilding.com/exercises/exerciseImages/sequences/870/Male/m/870_2.jpg,https://www.bodybuilding.com/exercises/muscle/chest,chest,https://www.bodybuilding.com/exercises/equipment/cable,cable
standing concentration curl,https://www.bodybuilding.com/exercises/standing-concentration-curl,https://www.bodybuilding.com/images/2020/xdb/cropped/xdb-23d-standing-concentration-curl-m1-square-600x600.jpg,https://www.bodybuilding.com/images/2020/xdb/cropped/xdb-23d-standing-concentration-curl-m2-square-600x600.jpg,https://www.bodybuilding.com/exercises/muscle/biceps,biceps,https://www.bodybuilding.com/exercises/equipment/dumbbell,dumbbell
wide-grip rear pull-up,https://www.bodybuilding.com/exercises/wide-grip-rear-pull-up,https://www.bodybuilding.com/exercises/exerciseImages/sequences/191/Male/m/191_1.jpg,https://www.bodybuilding.com/exercises/exerciseImages/sequences/191/Male/m/191_2.jpg,https://www.bodybuilding.com/exercises/muscle/lats,lats,https://www.bodybuilding.com/exercises/equipment/body-only,body only
kettlebell pass-through lunge,https://www.bodybuilding.com/exercises/lunge-pass-through,https://www.bodybuilding.com/images/2020/xdb/cropped/xdb-57k-kettlebell-pass-through-lunge-m1-square-600x600.jpg,https://www.bodybuilding.com/images/2020/xdb/cropped/xdb-57k-kettlebell-pass-through-lunge-m4-square-600x600.jpg,https://www.bodybuilding.com/exercises/muscle/hamstrings,hamstrings,https://www.bodybuilding.com/exercises/equipment/kettlebells,kettlebells
hands-elevated push-up,https://www.bodybuilding.com/exercises/incline-push-up-medium,https://www.bodybuilding.com/images/2020/xdb/cropped/xdb-18e-hands-elevated-push-up-m1-square-600x600.jpg,https://www.bodybuilding.com/images/2020/xdb/cropped/xdb-18e-hands-elevated-push-up-m2-square-600x600.jpg,https://www.bodybuilding.com/exercises/muscle/chest,chest,https://www.bodybuilding.com/exercises/equipment/body-only,body only
deadlift with bands,https://www.bodybuilding.com/exercises/deadlift-with-bands,https://www.bodybuilding.com/exercises/exerciseImages/sequences/677/Male/m/677_1.jpg,https://www.bodybuilding.com/exercises/exerciseImages/sequences/677/Male/m/677_2.jpg,https://www.bodybuilding.com/exercises/muscle/lower-back,lower back,https://www.bodybuilding.com/exercises/equipment/barbell,barbell
straight-arm rope pull-down,https://www.bodybuilding.com/exercises/rope-straight-arm-pulldown,https://www.bodybuilding.com/images/2020/xdb/cropped/2019-xdb-105c-straight-arm-rope-pull-down-m1-600x600.jpg,https://www.bodybuilding.com/images/2020/xdb/cropped/2019-xdb-105c-straight-arm-rope-pull-down-m2-600x600.jpg,https://www.bodybuilding.com/exercises/muscle/lats,lats,https://www.bodybuilding.com/exercises/equipment/cable,cable
barbell shoulder press,https://www.bodybuilding.com/exercises/barbell-shoulder-press,https://www.bodybuilding.com/images/2020/xdb/cropped/xdb-48e-seated-barbell-shoulder-press-m1-square-600x600.jpg,https://www.bodybuilding.com/images/2020/xdb/cropped/xdb-48e-seated-barbell-shoulder-press-m2-square-600x600.jpg,https://www.bodybuilding.com/exercises/muscle/shoulders,shoulders,https://www.bodybuilding.com/exercises/equipment/barbell,barbell
power clean,https://www.bodybuilding.com/exercises/power-clean,https://www.bodybuilding.com/images/2020/xdb/cropped/xdb-25b-power-clean-m1-square-600x600.jpg,https://www.bodybuilding.com/images/2020/xdb/cropped/xdb-25b-power-clean-m4-square-600x600.jpg,https://www.bodybuilding.com/exercises/muscle/hamstrings,hamstrings,https://www.bodybuilding.com/exercises/equipment/barbell,barbell
hang snatch,https://www.bodybuilding.com/exercises/hang-snatch,https://www.bodybuilding.com/exercises/exerciseImages/sequences/690/Male/m/690_1.jpg,https://www.bodybuilding.com/exercises/exerciseImages/sequences/690/Male/m/690_2.jpg,https://www.bodybuilding.com/exercises/muscle/hamstrings,hamstrings,https://www.bodybuilding.com/exercises/equipment/barbell,barbell
kettlebell sumo deadlift high pull,https://www.bodybuilding.com/exercises/kettlebell-sumo-high-pull,https://www.bodybuilding.com/images/2020/xdb/cropped/xdb-49k-kettlebell-sumo-deadlift-high-pull-m1-square-600x600.jpg,https://www.bodybuilding.com/images/2020/xdb/cropped/xdb-49k-kettlebell-sumo-deadlift-high-pull-m3-square-600x600.jpg,https://www.bodybuilding.com/exercises/muscle/traps,traps,https://www.bodybuilding.com/exercises/equipment/kettlebells,kettlebells
calf-machine shoulder shrug,https://www.bodybuilding.com/exercises/calf-machine-shoulder-shrug,https://www.bodybuilding.com/exercises/exerciseImages/sequences/184/Male/m/184_1.jpg,https://www.bodybuilding.com/exercises/exerciseImages/sequences/184/Male/m/184_2.jpg,https://www.bodybuilding.com/exercises/muscle/traps,traps,https://www.bodybuilding.com/exercises/equipment/machine,machine
bench press - powerlifting,https://www.bodybuilding.com/exercises/bench-press-powerlifting,https://www.bodybuilding.com/exercises/exerciseImages/sequences/663/Male/m/663_1.jpg,https://www.bodybuilding.com/exercises/exerciseImages/sequences/663/Male/m/663_2.jpg,https://www.bodybuilding.com/exercises/muscle/triceps,triceps,https://www.bodybuilding.com/exercises/equipment/barbell,barbell
rocking standing calf raise,https://www.bodybuilding.com/exercises/rocking-standing-calf-raise,,,https://www.bodybuilding.com/exercises/muscle/calves,calves,https://www.bodybuilding.com/exercises/equipment/barbell,barbell
goblet squat,https://www.bodybuilding.com/exercises/goblet-squat,,,https://www.bodybuilding.com/exercises/muscle/quadriceps,quadriceps,https://www.bodybuilding.com/exercises/equipment/kettlebells,kettlebells
behind-the-head skullcrusher,https://www.bodybuilding.com/exercises/lying-close-grip-barbell-triceps-extension-behind-the-head,https://www.bodybuilding.com/images/2020/xdb/cropped/xdb-56e-behind-the-head-skullcrusher-m1-square-600x600.jpg,https://www.bodybuilding.com/images/2020/xdb/cropped/xdb-56e-behind-the-head-skullcrusher-m2-square-600x600.jpg,https://www.bodybuilding.com/exercises/muscle/triceps,triceps,https://www.bodybuilding.com/exercises/equipment/barbell,barbell
seated palms-up wrist curl,https://www.bodybuilding.com/exercises/seated-palm-up-barbell-wrist-curl,https://www.bodybuilding.com/images/2020/xdb/cropped/xdb-65e-seated-palms-up-wrist-curl-m1-square-600x600.jpg,https://www.bodybuilding.com/images/2020/xdb/cropped/xdb-65e-seated-palms-up-wrist-curl-m2-square-600x600.jpg,https://www.bodybuilding.com/exercises/muscle/forearms,forearms,https://www.bodybuilding.com/exercises/equipment/barbell,barbell
reverse cable curl,https://www.bodybuilding.com/exercises/reverse-cable-curl,https://www.bodybuilding.com/exercises/exerciseImages/sequences/141/Male/m/141_1.jpg,https://www.bodybuilding.com/exercises/exerciseImages/sequences/141/Male/m/141_2.jpg,https://www.bodybuilding.com/exercises/muscle/biceps,biceps,https://www.bodybuilding.com/exercises/equipment/cable,cable
dumbbell side bend,https://www.bodybuilding.com/exercises/dumbbell-side-bend,https://www.bodybuilding.com/images/2020/xdb/cropped/xdb-102d-dumbbell-side-bend-m1-square-600x600.jpg,https://www.bodybuilding.com/images/2020/xdb/cropped/xdb-102d-dumbbell-side-bend-m2-square-600x600.jpg,https://www.bodybuilding.com/exercises/muscle/abdominals,abdominals,https://www.bodybuilding.com/exercises/equipment/dumbbell,dumbbell
lat pull-down,https://www.bodybuilding.com/exercises/wide-grip-lat-pulldown,https://www.bodybuilding.com/images/2020/xdb/cropped/xdb-72c-lat-pull-down-m1-square-600x600.jpg,,https://www.bodybuilding.com/exercises/muscle/lats,lats,https://www.bodybuilding.com/exercises/equipment/cable,cable
side lateral raise,https://www.bodybuilding.com/exercises/side-lateral-raise,https://www.bodybuilding.com/images/2020/xdb/cropped/xdb-77d-dumbbell-lateral-raise-m1-square-600x600.jpg,https://www.bodybuilding.com/images/2020/xdb/cropped/xdb-77d-dumbbell-lateral-raise-m2-square-600x600.jpg,https://www.bodybuilding.com/exercises/muscle/shoulders,shoulders,https://www.bodybuilding.com/exercises/equipment/dumbbell,dumbbell
alternating incline dumbbell biceps curl,https://www.bodybuilding.com/exercises/incline-dumbbell-curl,https://www.bodybuilding.com/images/2020/xdb/cropped/xdb-26n-alternating-incline-dumbbell-biceps-curl-m1-square-600x600.jpg,https://www.bodybuilding.com/images/2020/xdb/cropped/xdb-26n-alternating-incline-dumbbell-biceps-curl-m2-square-600x600.jpg,https://www.bodybuilding.com/exercises/muscle/biceps,biceps,https://www.bodybuilding.com/exercises/equipment/dumbbell,dumbbell
kettlebell one-legged deadlift,https://www.bodybuilding.com/exercises/kettlebell-one-legged-deadlift,https://www.bodybuilding.com/images/2020/xdb/cropped/xdb-4k-single-leg-kettlebell-deadlift-m1-square-600x600.jpg,,https://www.bodybuilding.com/exercises/muscle/hamstrings,hamstrings,https://www.bodybuilding.com/exercises/equipment/kettlebells,kettlebells
alternate hammer curl,https://www.bodybuilding.com/exercises/alternate-hammer-curl,https://www.bodybuilding.com/images/2020/xdb/cropped/xdb-3d-alternating-hammer-curl-m1-square-600x600.jpg,https://www.bodybuilding.com/images/2020/xdb/cropped/xdb-3d-alternating-hammer-curl-m2-square-600x600.jpg,https://www.bodybuilding.com/exercises/muscle/biceps,biceps,https://www.bodybuilding.com/exercises/equipment/dumbbell,dumbbell
decline push-up,https://www.bodybuilding.com/exercises/decline-push-up,https://www.bodybuilding.com/images/2020/xdb/cropped/xdb-20e-feet-elevated-push-up-m1-square-600x600.jpg,https://www.bodybuilding.com/images/2020/xdb/cropped/xdb-20e-feet-elevated-push-up-m2-square-600x600.jpg,https://www.bodybuilding.com/exercises/muscle/chest,chest,https://www.bodybuilding.com/exercises/equipment/body-only,body only
captain's chair knee raise,https://www.bodybuilding.com/exercises/kneehip-raise-on-parallel-bars,https://www.bodybuilding.com/images/2020/xdb/cropped/xdb-5m-captains-chair-knee-raise-m1-square-600x600.jpg,https://www.bodybuilding.com/images/2020/xdb/cropped/xdb-5m-captains-chair-knee-raise-m2-square-600x600.jpg,https://www.bodybuilding.com/exercises/muscle/abdominals,abdominals,https://www.bodybuilding.com/exercises/equipment/other,other
triceps pushdown,https://www.bodybuilding.com/exercises/triceps-pushdown,https://www.bodybuilding.com/images/2020/xdb/cropped/xdb-17c-cable-v-bar-push-down-m1-square-600x600.jpg,https://www.bodybuilding.com/images/2020/xdb/cropped/xdb-17c-cable-v-bar-push-down-m2-square-600x600.jpg,https://www.bodybuilding.com/exercises/muscle/triceps,triceps,https://www.bodybuilding.com/exercises/equipment/cable,cable
low cable overhead triceps extension,https://www.bodybuilding.com/exercises/triceps-overhead-extension-with-rope,,,https://www.bodybuilding.com/exercises/muscle/triceps,triceps,https://www.bodybuilding.com/exercises/equipment/cable,cable
single-arm cable cross-over,https://www.bodybuilding.com/exercises/single-arm-cable-crossover,,,https://www.bodybuilding.com/exercises/muscle/chest,chest,https://www.bodybuilding.com/exercises/equipment/cable,cable
seated dumbbell biceps curl,https://www.bodybuilding.com/exercises/seated-dumbbell-curl,,,https://www.bodybuilding.com/exercises/muscle/biceps,biceps,https://www.bodybuilding.com/exercises/equipment/dumbbell,dumbbell
battle ropes,https://www.bodybuilding.com/exercises/battling-ropes,,,https://www.bodybuilding.com/exercises/muscle/shoulders,shoulders,https://www.bodybuilding.com/exercises/equipment/other,other
dead bug reach,https://www.bodybuilding.com/exercises/dead-bug,,,https://www.bodybuilding.com/exercises/muscle/abdominals,abdominals,https://www.bodybuilding.com/exercises/equipment/body-only,body only
deadlift with chains,https://www.bodybuilding.com/exercises/deadlift-with-chains,,,https://www.bodybuilding.com/exercises/muscle/lower-back,lower back,https://www.bodybuilding.com/exercises/equipment/barbell,barbell
rope crunch,https://www.bodybuilding.com/exercises/rope-crunch,https://www.bodybuilding.com/images/2020/xdb/cropped/xdb-35c-kneeling-cable-crunch-m1-square-600x600.jpg,https://www.bodybuilding.com/images/2020/xdb/cropped/xdb-35c-kneeling-cable-crunch-m2-square-600x600.jpg,https://www.bodybuilding.com/exercises/muscle/abdominals,abdominals,https://www.bodybuilding.com/exercises/equipment/cable,cable
palms-up dumbbell wrist curl over a bench,https://www.bodybuilding.com/exercises/palms-up-dumbbell-wrist-curl-over-a-bench,,,https://www.bodybuilding.com/exercises/muscle/forearms,forearms,https://www.bodybuilding.com/exercises/equipment/dumbbell,dumbbell
kettlebell thruster,https://www.bodybuilding.com/exercises/kettlebell-thruster,,,https://www.bodybuilding.com/exercises/muscle/glutes,glutes,https://www.bodybuilding.com/exercises/equipment/kettlebells,kettlebells
single-arm push-up,https://www.bodybuilding.com/exercises/single-arm-push-up,,,https://www.bodybuilding.com/exercises/muscle/chest,chest,https://www.bodybuilding.com/exercises/equipment/body-only,body only
band hip adductions,https://www.bodybuilding.com/exercises/band-hip-adductions,https://www.bodybuilding.com/exercises/exerciseImages/sequences/850/Male/m/850_2.jpg,,https://www.bodybuilding.com/exercises/muscle/adductors,adductors,https://www.bodybuilding.com/exercises/equipment/bands,bands
single-arm kettlebell clean,https://www.bodybuilding.com/exercises/one-arm-kettlebell-clean,https://www.bodybuilding.com/images/2020/xdb/cropped/xdb-80k-single-arm-kettlebell-clean-m1-square-600x600.jpg,https://www.bodybuilding.com/images/2020/xdb/cropped/xdb-80k-single-arm-kettlebell-clean-m2-square-600x600.jpg,https://www.bodybuilding.com/exercises/muscle/hamstrings,hamstrings,https://www.bodybuilding.com/exercises/equipment/kettlebells,kettlebells
preacher hammer dumbbell curl,https://www.bodybuilding.com/exercises/preacher-hammer-dumbbell-curl,https://www.bodybuilding.com/exercises/exerciseImages/sequences/155/Male/m/155_1.jpg,https://www.bodybuilding.com/exercises/exerciseImages/sequences/155/Male/m/155_2.jpg,https://www.bodybuilding.com/exercises/muscle/biceps,biceps,https://www.bodybuilding.com/exercises/equipment/dumbbell,dumbbell
alternating kettlebell press,https://www.bodybuilding.com/exercises/alternating-kettlebell-press,https://www.bodybuilding.com/exercises/exerciseImages/sequences/504/Male/m/504_1.jpg,https://www.bodybuilding.com/exercises/exerciseImages/sequences/504/Male/m/504_2.jpg,https://www.bodybuilding.com/exercises/muscle/shoulders,shoulders,https://www.bodybuilding.com/exercises/equipment/kettlebells,kettlebells
split squat with dumbbells,https://www.bodybuilding.com/exercises/split-squat-with-dumbbells,https://www.bodybuilding.com/images/2020/xdb/cropped/xdb-61e-dumbbell-bulgarian-split-squat-m1-square-600x600.jpg,https://www.bodybuilding.com/images/2020/xdb/cropped/xdb-61e-dumbbell-bulgarian-split-squat-m2-square-600x600.jpg,https://www.bodybuilding.com/exercises/muscle/quadriceps,quadriceps,https://www.bodybuilding.com/exercises/equipment/dumbbell,dumbbell
standing one-arm dumbbell curl over incline bench,https://www.bodybuilding.com/exercises/standing-one-arm-dumbbell-curl-over-incline-bench,,,https://www.bodybuilding.com/exercises/muscle/biceps,biceps,https://www.bodybuilding.com/exercises/finder,dumbbell
standing olympic plate hand squeeze,https://www.bodybuilding.com/exercises/standing-olympic-plate-hand-squeeze,,,https://www.bodybuilding.com/exercises/muscle/forearms,forearms,https://www.bodybuilding.com/exercises/equipment/other,other
sledgehammer swing,https://www.bodybuilding.com/exercises/sledgehammer-swings,,,https://www.bodybuilding.com/exercises/muscle/abdominals,abdominals,https://www.bodybuilding.com/exercises/equipment/other,other
kneeling squat,https://www.bodybuilding.com/exercises/kneeling-squat,https://www.bodybuilding.com/exercises/exerciseImages/sequences/697/Male/m/697_1.jpg,https://www.bodybuilding.com/exercises/exerciseImages/sequences/697/Male/m/697_2.jpg,https://www.bodybuilding.com/exercises/muscle/glutes,glutes,https://www.bodybuilding.com/exercises/equipment/barbell,barbell
single-arm kettlebell snatch,https://www.bodybuilding.com/exercises/one-arm-kettlebell-snatch,,,https://www.bodybuilding.com/exercises/muscle/shoulders,shoulders,https://www.bodybuilding.com/exercises/equipment/kettlebells,kettlebells
close-grip barbell curl,https://www.bodybuilding.com/exercises/close-grip-standing-barbell-curl,https://www.bodybuilding.com/images/2020/xdb/cropped/xdb-20b-close-grip-barbell-curl-m1-square-600x600.jpg,https://www.bodybuilding.com/images/2020/xdb/cropped/xdb-20b-close-grip-barbell-curl-m2-square-600x600.jpg,https://www.bodybuilding.com/exercises/muscle/biceps,biceps,https://www.bodybuilding.com/exercises/equipment/barbell,barbell
box jump,https://www.bodybuilding.com/exercises/front-box-jump,,,https://www.bodybuilding.com/exercises/muscle/hamstrings,hamstrings,https://www.bodybuilding.com/exercises/equipment/other,other
standing cable crunch,https://www.bodybuilding.com/exercises/standing-rope-crunch,,,https://www.bodybuilding.com/exercises/muscle/abdominals,abdominals,https://www.bodybuilding.com/exercises/equipment/cable,cable
leverage incline chest press,https://www.bodybuilding.com/exercises/leverage-incline-chest-press,https://www.bodybuilding.com/exercises/exerciseImages/sequences/893/Male/m/893_1.jpg,https://www.bodybuilding.com/exercises/exerciseImages/sequences/893/Male/m/893_2.jpg,https://www.bodybuilding.com/exercises/muscle/chest,chest,https://www.bodybuilding.com/exercises/equipment/machine,machine
standing barbell overhead triceps extension,https://www.bodybuilding.com/exercises/standing-overhead-barbell-triceps-extension,,,https://www.bodybuilding.com/exercises/muscle/triceps,triceps,https://www.bodybuilding.com/exercises/equipment/barbell,barbell
lying cable triceps extension,https://www.bodybuilding.com/exercises/cable-lying-triceps-extension,,,https://www.bodybuilding.com/exercises/muscle/triceps,triceps,https://www.bodybuilding.com/exercises/equipment/cable,cable
kettlebell turkish get-up (squat style),https://www.bodybuilding.com/exercises/kettlebell-turkish-get-up-squat-style,https://www.bodybuilding.com/exercises/exerciseImages/sequences/527/Male/m/527_1.jpg,https://www.bodybuilding.com/exercises/exerciseImages/sequences/527/Male/m/527_2.jpg,https://www.bodybuilding.com/exercises/muscle/shoulders,shoulders,https://www.bodybuilding.com/exercises/finder,kettlebells
crunch - hands overhead,https://www.bodybuilding.com/exercises/crunch-hands-overhead,https://www.bodybuilding.com/exercises/exerciseImages/sequences/113/Male/m/113_1.jpg,https://www.bodybuilding.com/exercises/exerciseImages/sequences/113/Male/m/113_2.jpg,https://www.bodybuilding.com/exercises/muscle/abdominals,abdominals,https://www.bodybuilding.com/exercises/equipment/body-only,body only
cable internal rotation,https://www.bodybuilding.com/exercises/cable-internal-rotation,https://www.bodybuilding.com/exercises/exerciseImages/sequences/315/Male/m/315_1.jpg,https://www.bodybuilding.com/exercises/exerciseImages/sequences/315/Male/m/315_2.jpg,https://www.bodybuilding.com/exercises/muscle/shoulders,shoulders,https://www.bodybuilding.com/exercises/equipment/cable,cable
leg extensions,https://www.bodybuilding.com/exercises/leg-extensions,https://www.bodybuilding.com/images/2020/xdb/cropped/xdb-18m-leg-extension-m1-square-600x600.jpg,https://www.bodybuilding.com/images/2020/xdb/cropped/xdb-18m-leg-extension-m2-square-600x600.jpg,https://www.bodybuilding.com/exercises/muscle/quadriceps,quadriceps,https://www.bodybuilding.com/exercises/equipment/machine,machine
close push-up to wide push-up,https://www.bodybuilding.com/exercises/pushups-close-and-wide-hand-positions,,,https://www.bodybuilding.com/exercises/muscle/chest,chest,https://www.bodybuilding.com/exercises/equipment/body-only,body only
single-arm dumbbell triceps extension,https://www.bodybuilding.com/exercises/dumbbell-one-arm-triceps-extension,,,https://www.bodybuilding.com/exercises/muscle/triceps,triceps,https://www.bodybuilding.com/exercises/equipment/dumbbell,dumbbell
butterfly,https://www.bodybuilding.com/exercises/butterfly,,,https://www.bodybuilding.com/exercises/muscle/chest,chest,https://www.bodybuilding.com/exercises/equipment/machine,machine
decline dumbbell bench press,https://www.bodybuilding.com/exercises/decline-dumbbell-bench-press,https://www.bodybuilding.com/images/2020/xdb/cropped/xdb-33n-decline-dumbbell-bench-press-m1-square-600x600.jpg,https://www.bodybuilding.com/images/2020/xdb/cropped/xdb-33n-decline-dumbbell-bench-press-m2-square-600x600.jpg,https://www.bodybuilding.com/exercises/muscle/chest,chest,https://www.bodybuilding.com/exercises/equipment/dumbbell,dumbbell
v-up,https://www.bodybuilding.com/exercises/jackknife-sit-up,https://www.bodybuilding.com/images/2020/xdb/cropped/xdb-76a-v-up-m1-square-600x600.jpg,https://www.bodybuilding.com/images/2020/xdb/cropped/xdb-76a-v-up-m2-square-600x600.jpg,https://www.bodybuilding.com/exercises/muscle/abdominals,abdominals,https://www.bodybuilding.com/exercises/equipment/body-only,body only
seated face pull,https://www.bodybuilding.com/exercises/low-pulley-row-to-neck,,,https://www.bodybuilding.com/exercises/muscle/shoulders,shoulders,https://www.bodybuilding.com/exercises/equipment/cable,cable
barbell bulgarian split squat,https://www.bodybuilding.com/exercises/one-leg-barbell-squat,https://www.bodybuilding.com/images/2020/xdb/cropped/2020-xdb-60e-barbell-bulgarian-split-squat-m1-crop-600x600.jpg,https://www.bodybuilding.com/images/2020/xdb/cropped/2020-xdb-60e-barbell-bulgarian-split-squat-m2-crop-600x600.jpg,https://www.bodybuilding.com/exercises/muscle/quadriceps,quadriceps,https://www.bodybuilding.com/exercises/equipment/barbell,barbell
reverse-grip lat pull-down,https://www.bodybuilding.com/exercises/underhand-cable-pulldowns,https://www.bodybuilding.com/images/2020/xdb/cropped/xdb-74c-reverse-grip-lat-pull-down-m1-square-600x600.jpg,https://www.bodybuilding.com/images/2020/xdb/cropped/xdb-74c-reverse-grip-lat-pull-down-m2-square-600x600.jpg,https://www.bodybuilding.com/exercises/muscle/lats,lats,https://www.bodybuilding.com/exercises/equipment/machine,machine
standing biceps cable curl,https://www.bodybuilding.com/exercises/standing-biceps-cable-curl,https://www.bodybuilding.com/images/2020/xdb/cropped/xdb-22c-cable-straight-bar-biceps-curl-m1-square-600x600.jpg,https://www.bodybuilding.com/images/2020/xdb/cropped/xdb-22c-cable-straight-bar-biceps-curl-m2-square-600x600.jpg,https://www.bodybuilding.com/exercises/muscle/biceps,biceps,https://www.bodybuilding.com/exercises/equipment/cable,cable
single-arm cable seated row,https://www.bodybuilding.com/exercises/seated-one-arm-cable-pulley-rows,https://www.bodybuilding.com/images/2020/xdb/cropped/xdb-82c-single-arm-cable-seated-row-m1-square-600x600.jpg,https://www.bodybuilding.com/images/2020/xdb/cropped/xdb-82c-single-arm-cable-seated-row-m2-square-600x600.jpg,https://www.bodybuilding.com/exercises/muscle/middle-back,middle back,https://www.bodybuilding.com/exercises/equipment/cable,cable
single-arm kettlebell row,https://www.bodybuilding.com/exercises/one-arm-dumbbell-bench-press,https://www.bodybuilding.com/images/2020/xdb/cropped/xdb-12e-single-arm-dumbbell-bench-press-m1-square-600x600.jpg,https://www.bodybuilding.com/images/2020/xdb/cropped/xdb-12e-single-arm-dumbbell-bench-press-m2-square-600x600.jpg,https://www.bodybuilding.com/exercises/muscle/chest,chest,https://www.bodybuilding.com/exercises/equipment/dumbbell,dumbbell
scissors jump,https://www.bodybuilding.com/exercises/scissors-jump,https://www.bodybuilding.com/images/2020/xdb/cropped/xdb-42a-alternating-lunge-jump-m4-square-600x600.jpg,https://www.bodybuilding.com/images/2020/xdb/cropped/xdb-42a-alternating-lunge-jump-m5-square-600x600.jpg,https://www.bodybuilding.com/exercises/muscle/quadriceps,quadriceps,https://www.bodybuilding.com/exercises/equipment/body-only,body only
wide stance stiff legs,https://www.bodybuilding.com/exercises/wide-stance-stiff-legs,https://www.bodybuilding.com/exercises/exerciseImages/sequences/744/Male/m/744_1.jpg,https://www.bodybuilding.com/exercises/exerciseImages/sequences/744/Male/m/744_2.jpg,https://www.bodybuilding.com/exercises/muscle/hamstrings,hamstrings,https://www.bodybuilding.com/exercises/equipment/barbell,barbell
rack pull with bands,https://www.bodybuilding.com/exercises/rack-pull-with-bands,https://www.bodybuilding.com/exercises/exerciseImages/sequences/741/Male/m/741_1.jpg,https://www.bodybuilding.com/exercises/exerciseImages/sequences/741/Male/m/741_2.jpg,https://www.bodybuilding.com/exercises/muscle/lower-back,lower back,https://www.bodybuilding.com/exercises/equipment/barbell,barbell
drag curl,https://www.bodybuilding.com/exercises/drag-curl,https://www.bodybuilding.com/images/2020/xdb/cropped/xdb-11b-drag-curl-m1-square-600x600.jpg,https://www.bodybuilding.com/images/2020/xdb/cropped/xdb-11b-drag-curl-m2-square-600x600.jpg,https://www.bodybuilding.com/exercises/muscle/biceps,biceps,https://www.bodybuilding.com/exercises/equipment/barbell,barbell
hang clean - below the knees,https://www.bodybuilding.com/exercises/hang-clean-below-the-knees,,,https://www.bodybuilding.com/exercises/muscle/quadriceps,quadriceps,https://www.bodybuilding.com/exercises/equipment/barbell,barbell
decline oblique crunch,https://www.bodybuilding.com/exercises/decline-oblique-crunch,,,https://www.bodybuilding.com/exercises/muscle/abdominals,abdominals,https://www.bodybuilding.com/exercises/equipment/none,body only
dumbbell external shoulder rotation,https://www.bodybuilding.com/exercises/external-rotation,,,https://www.bodybuilding.com/exercises/muscle/shoulders,shoulders,https://www.bodybuilding.com/exercises/equipment/dumbbell,dumbbell
single-arm bent-over cable rear delt fly,https://www.bodybuilding.com/exercises/bent-over-low-pulley-side-lateral,https://www.bodybuilding.com/images/2020/xdb/cropped/xdb-48c-single-arm-cable-rear-delt-fly-m1-square-600x600.jpg,https://www.bodybuilding.com/images/2020/xdb/cropped/xdb-48c-single-arm-cable-rear-delt-fly-m2-square-600x600.jpg,https://www.bodybuilding.com/exercises/muscle/shoulders,shoulders,https://www.bodybuilding.com/exercises/equipment/cable,cable
clean,https://www.bodybuilding.com/exercises/clean,https://www.bodybuilding.com/exercises/exerciseImages/sequences/669/Male/m/669_1.jpg,https://www.bodybuilding.com/exercises/exerciseImages/sequences/669/Male/m/669_2.jpg,https://www.bodybuilding.com/exercises/muscle/hamstrings,hamstrings,https://www.bodybuilding.com/exercises/equipment/barbell,barbell
single-arm incline lateral raise,https://www.bodybuilding.com/exercises/one-arm-incline-lateral-raise,https://www.bodybuilding.com/images/2020/xdb/cropped/xdb-24n-single-arm-incline-lateral-raise-m1-square-600x600.jpg,,https://www.bodybuilding.com/exercises/muscle/shoulders,shoulders,https://www.bodybuilding.com/exercises/equipment/dumbbell,dumbbell
decline bar press sit-up,https://www.bodybuilding.com/exercises/press-sit-up,https://www.bodybuilding.com/images/2020/xdb/cropped/xdb-44n-decline-press-sit-up-m1-square-600x600.jpg,,https://www.bodybuilding.com/exercises/muscle/abdominals,abdominals,https://www.bodybuilding.com/exercises/equipment/barbell,barbell
barbell rear delt bent-over row,https://www.bodybuilding.com/exercises/barbell-rear-delt-row,https://www.bodybuilding.com/images/2020/xdb/cropped/xdb-03b-barbell-rear-delt-bent-over-row-m1-square-600x600.jpg,https://www.bodybuilding.com/images/2020/xdb/cropped/xdb-03b-barbell-rear-delt-bent-over-row-m2-square-600x600.jpg,https://www.bodybuilding.com/exercises/muscle/shoulders,shoulders,https://www.bodybuilding.com/exercises/equipment/barbell,barbell
calf press,https://www.bodybuilding.com/exercises/calf-press,https://www.bodybuilding.com/images/2020/xdb/cropped/xdb-117s-standing-calf-raise-m1-square-600x600.jpg,https://www.bodybuilding.com/images/2020/xdb/cropped/xdb-117s-standing-calf-raise-m2-square-600x600.jpg,https://www.bodybuilding.com/exercises/muscle/calves,calves,https://www.bodybuilding.com/exercises/equipment/machine,machine
kettlebell alternating renegade row,https://www.bodybuilding.com/exercises/alternating-renegade-row,https://www.bodybuilding.com/images/2020/xdb/cropped/xdb-11k-kettlebell-alternating-renegade-row-m1-square-600x600.jpg,https://www.bodybuilding.com/images/2020/xdb/cropped/xdb-11k-kettlebell-alternating-renegade-row-m2-square-600x600.jpg,https://www.bodybuilding.com/exercises/muscle/middle-back,middle back,https://www.bodybuilding.com/exercises/equipment/kettlebells,kettlebells
bosu ball cable crunch with side bends,https://www.bodybuilding.com/exercises/bosu-ball-cable-crunch-with-side-bends,https://www.bodybuilding.com/exercises/exerciseImages/sequences/932/Male/m/932_1.jpg,https://www.bodybuilding.com/exercises/exerciseImages/sequences/932/Male/m/932_2.jpg,https://www.bodybuilding.com/exercises/muscle/abdominals,abdominals,https://www.bodybuilding.com/exercises/equipment/cable,cable
stomach vacuum,https://www.bodybuilding.com/exercises/stomach-vacuum,https://www.bodybuilding.com/exercises/exerciseImages/sequences/243/Male/m/243_1.jpg,https://www.bodybuilding.com/exercises/exerciseImages/sequences/243/Male/m/243_2.jpg,https://www.bodybuilding.com/exercises/muscle/abdominals,abdominals,https://www.bodybuilding.com/exercises/equipment/body-only,body only
hammer grip incline db bench press,https://www.bodybuilding.com/exercises/hammer-grip-incline-db-bench-press,https://www.bodybuilding.com/exercises/exerciseImages/sequences/60/Male/m/60_1.jpg,https://www.bodybuilding.com/exercises/exerciseImages/sequences/60/Male/m/60_2.jpg,https://www.bodybuilding.com/exercises/muscle/chest,chest,https://www.bodybuilding.com/exercises/equipment/dumbbell,dumbbell
wide-grip hands-elevated push-up,https://www.bodybuilding.com/exercises/incline-push-up-wide,https://www.bodybuilding.com/images/2020/xdb/cropped/xdb-19e-wide-grip-hands-elevated-push-up-m1-square-600x600.jpg,https://www.bodybuilding.com/images/2020/xdb/cropped/xdb-19e-wide-grip-hands-elevated-push-up-m2-square-600x600.jpg,https://www.bodybuilding.com/exercises/muscle/chest,chest,https://www.bodybuilding.com/exercises/equipment/body-only,body only
decline dumbbell triceps extension,https://www.bodybuilding.com/exercises/decline-dumbbell-triceps-extension,https://www.bodybuilding.com/exercises/exerciseImages/sequences/167/Male/m/167_1.jpg,https://www.bodybuilding.com/exercises/exerciseImages/sequences/167/Male/m/167_2.jpg,https://www.bodybuilding.com/exercises/muscle/triceps,triceps,https://www.bodybuilding.com/exercises/equipment/dumbbell,dumbbell
jumping jack-,https://www.bodybuilding.com/exercises/jumping-jacks,,,https://www.bodybuilding.com/exercises/muscle/quadriceps,quadriceps,https://www.bodybuilding.com/exercises/equipment/body-only,body only
push-ups with feet on an exercise ball,https://www.bodybuilding.com/exercises/push-ups-with-feet-on-an-exercise-ball,,,https://www.bodybuilding.com/exercises/muscle/chest,chest,https://www.bodybuilding.com/exercises/equipment/body-only,body only
seated cable shoulder press,https://www.bodybuilding.com/exercises/seated-cable-shoulder-press,,,https://www.bodybuilding.com/exercises/muscle/shoulders,shoulders,https://www.bodybuilding.com/exercises/equipment/cable,cable
barbell hack squat,https://www.bodybuilding.com/exercises/barbell-hack-squat,,,https://www.bodybuilding.com/exercises/muscle/quadriceps,quadriceps,https://www.bodybuilding.com/exercises/equipment/barbell,barbell
feet-elevated push-up,https://www.bodybuilding.com/exercises/push-ups-with-feet-elevated,https://www.bodybuilding.com/images/2020/xdb/cropped/xdb-20e-feet-elevated-push-up-m1-square-600x600.jpg,https://www.bodybuilding.com/images/2020/xdb/cropped/xdb-20e-feet-elevated-push-up-m2-square-600x600.jpg,https://www.bodybuilding.com/exercises/muscle/chest,chest,https://www.bodybuilding.com/exercises/equipment/body-only,body only
good morning,https://www.bodybuilding.com/exercises/good-morning,https://www.bodybuilding.com/images/2020/xdb/cropped/xdb-09b-barbell-good-morning-m1-square-600x600.jpg,https://www.bodybuilding.com/images/2020/xdb/cropped/xdb-09b-barbell-good-morning-m2-square-600x600.jpg,https://www.bodybuilding.com/exercises/muscle/hamstrings,hamstrings,https://www.bodybuilding.com/exercises/equipment/barbell,barbell
leverage chest press,https://www.bodybuilding.com/exercises/leverage-chest-press,https://www.bodybuilding.com/images/2020/xdb/cropped/xdb-65m-machine-chest-press-m1-square-600x600.jpg,https://www.bodybuilding.com/images/2020/xdb/cropped/xdb-65m-machine-chest-press-m2-square-600x600.jpg,https://www.bodybuilding.com/exercises/muscle/chest,chest,https://www.bodybuilding.com/exercises/equipment/machine,machine
gironda sternum chins,https://www.bodybuilding.com/exercises/gironda-sternum-chins,https://www.bodybuilding.com/exercises/exerciseImages/sequences/292/Male/m/292_1.jpg,https://www.bodybuilding.com/exercises/exerciseImages/sequences/292/Male/m/292_2.jpg,https://www.bodybuilding.com/exercises/muscle/lats,lats,https://www.bodybuilding.com/exercises/equipment/other,other
exercise ball crunch,https://www.bodybuilding.com/exercises/exercise-ball-crunch,https://www.bodybuilding.com/images/2020/xdb/cropped/xdb-23s-exercise-ball-crunch-m1-square-600x600.jpg,https://www.bodybuilding.com/images/2020/xdb/cropped/xdb-23s-exercise-ball-crunch-m2-square-600x600.jpg,https://www.bodybuilding.com/exercises/muscle/abdominals,abdominals,https://www.bodybuilding.com/exercises/equipment/exercise-ball,exercise ball
seated rear delt fly,https://www.bodybuilding.com/exercises/seated-bent-over-rear-delt-raise,https://www.bodybuilding.com/images/2020/xdb/cropped/xdb-47e-seated-rear-delt-fly-m1-square-600x600.jpg,https://www.bodybuilding.com/images/2020/xdb/cropped/xdb-47e-seated-rear-delt-fly-m2-square-600x600.jpg,https://www.bodybuilding.com/exercises/muscle/shoulders,shoulders,https://www.bodybuilding.com/exercises/equipment/dumbbell,dumbbell
standing face pull,https://www.bodybuilding.com/exercises/face-pull,https://www.bodybuilding.com/images/2020/xdb/cropped/xdb-40c-standing-face-pull-m1-square-600x600.jpg,https://www.bodybuilding.com/images/2020/xdb/cropped/xdb-40c-standing-face-pull-m2-square-600x600.jpg,https://www.bodybuilding.com/exercises/muscle/shoulders,shoulders,https://www.bodybuilding.com/exercises/equipment/cable,cable
glute ham raise,https://www.bodybuilding.com/exercises/glute-ham-raise,https://www.bodybuilding.com/images/2020/xdb/cropped/xdb-25m-glute-ham-raise-m1-square-600x600.jpg,https://www.bodybuilding.com/images/2020/xdb/cropped/xdb-25m-glute-ham-raise-m2-square-600x600.jpg,https://www.bodybuilding.com/exercises/muscle/hamstrings,hamstrings,https://www.bodybuilding.com/exercises/equipment/machine,machine
russian twist,https://www.bodybuilding.com/exercises/russian-twist,https://www.bodybuilding.com/images/2020/xdb/cropped/2019-xdb-262a-russian-twist-m1-600x600.jpg,https://www.bodybuilding.com/images/2020/xdb/cropped/2019-xdb-262a-russian-twist-m2-600x600.jpg,https://www.bodybuilding.com/exercises/muscle/abdominals,abdominals,https://www.bodybuilding.com/exercises/equipment/body-only,body only
seated flat bench leg pull-in,https://www.bodybuilding.com/exercises/seated-flat-bench-leg-pull-in,,,https://www.bodybuilding.com/exercises/muscle/abdominals,abdominals,https://www.bodybuilding.com/exercises/finder,weight bench
barbell shrug,https://www.bodybuilding.com/exercises/barbell-shrug,,,https://www.bodybuilding.com/exercises/muscle/traps,traps,https://www.bodybuilding.com/exercises/equipment/barbell,barbell
standing cable rear delt row,https://www.bodybuilding.com/exercises/cable-rope-rear-delt-rows,,,https://www.bodybuilding.com/exercises/muscle/shoulders,shoulders,https://www.bodybuilding.com/exercises/equipment/cable,cable
flat bench lying leg raise,https://www.bodybuilding.com/exercises/flat-bench-lying-leg-raise,https://www.bodybuilding.com/images/2020/xdb/cropped/xdb-63a-lying-leg-lift-m1-square-600x600.jpg,https://www.bodybuilding.com/images/2020/xdb/cropped/xdb-63a-lying-leg-lift-m2-square-600x600.jpg,https://www.bodybuilding.com/exercises/muscle/abdominals,abdominals,https://www.bodybuilding.com/exercises/equipment/body-only,body only
hack squat,https://www.bodybuilding.com/exercises/hack-squat,,,https://www.bodybuilding.com/exercises/muscle/quadriceps,quadriceps,https://www.bodybuilding.com/exercises/equipment/barbell,barbell
dumbbell skullcrusher,https://www.bodybuilding.com/exercises/lying-dumbbell-tricep-extension,,,https://www.bodybuilding.com/exercises/muscle/triceps,triceps,https://www.bodybuilding.com/exercises/equipment/dumbbell,dumbbell
man-maker,https://www.bodybuilding.com/exercises/man-maker,,,https://www.bodybuilding.com/exercises/muscle/middle-back,middle back,https://www.bodybuilding.com/exercises/equipment/dumbbell,dumbbell
pallof press,https://www.bodybuilding.com/exercises/pallof-press,,,https://www.bodybuilding.com/exercises/muscle/abdominals,abdominals,https://www.bodybuilding.com/exercises/equipment/other,other
knees tucked crunch,https://www.bodybuilding.com/exercises/tuck-crunch,,,https://www.bodybuilding.com/exercises/muscle/abdominals,abdominals,https://www.bodybuilding.com/exercises/equipment/body-only,body only
straight-arm dumbbell pull-over,https://www.bodybuilding.com/exercises/straight-arm-dumbbell-pullover,https://www.bodybuilding.com/images/2020/xdb/cropped/xdb-26e-straight-arm-dumbbell-pull-over-m1-square-600x600.jpg,https://www.bodybuilding.com/images/2020/xdb/cropped/xdb-26e-straight-arm-dumbbell-pull-over-m2-square-600x600.jpg,https://www.bodybuilding.com/exercises/muscle/chest,chest,https://www.bodybuilding.com/exercises/equipment/dumbbell,dumbbell
arms-crossed jump squat,https://www.bodybuilding.com/exercises/freehand-jump-squat,https://www.bodybuilding.com/images/2020/xdb/cropped/xdb-43a-arms-crossed-jump-squat-m2-square-600x600.jpg,,https://www.bodybuilding.com/exercises/muscle/quadriceps,quadriceps,https://www.bodybuilding.com/exercises/equipment/body-only,body only
decline smith press,https://www.bodybuilding.com/exercises/decline-smith-press,,,https://www.bodybuilding.com/exercises/muscle/chest,chest,https://www.bodybuilding.com/exercises/equipment/machine,machine
band skull crusher,https://www.bodybuilding.com/exercises/band-skull-crusher,https://www.bodybuilding.com/exercises/exerciseImages/sequences/1211/Male/m/1211_1.jpg,https://www.bodybuilding.com/exercises/exerciseImages/sequences/1211/Male/m/1211_2.jpg,https://www.bodybuilding.com/exercises/muscle/triceps,triceps,https://www.bodybuilding.com/exercises/finder,body only
side wrist pull,https://www.bodybuilding.com/exercises/side-wrist-pull,https://www.bodybuilding.com/exercises/exerciseImages/sequences/442/Male/m/442_1.jpg,https://www.bodybuilding.com/exercises/exerciseImages/sequences/442/Male/m/442_2.jpg,https://www.bodybuilding.com/exercises/muscle/shoulders,shoulders,https://www.bodybuilding.com/exercises/equipment/none,body only
isometric wipers,https://www.bodybuilding.com/exercises/isometric-wipers,https://www.bodybuilding.com/images/2020/xdb/cropped/xdb-122a-typewriter-push-up-m2-square-600x600.jpg,,https://www.bodybuilding.com/exercises/muscle/chest,chest,https://www.bodybuilding.com/exercises/equipment/body-only,body only
skating,https://www.bodybuilding.com/exercises/skating,,,https://www.bodybuilding.com/exercises/muscle/quadriceps,quadriceps,https://www.bodybuilding.com/exercises/equipment/other,other
cable cross-over,https://www.bodybuilding.com/exercises/cable-iron-cross,https://www.bodybuilding.com/images/2020/xdb/cropped/xdb-1c-cable-cross-over-m1-square-600x600.jpg,https://www.bodybuilding.com/images/2020/xdb/cropped/xdb-1c-cable-cross-over-m2-square-600x600.jpg,https://www.bodybuilding.com/exercises/muscle/chest,chest,https://www.bodybuilding.com/exercises/equipment/cable,cable
treadmill running,https://www.bodybuilding.com/exercises/running-treadmill,,,https://www.bodybuilding.com/exercises/muscle/quadriceps,quadriceps,https://www.bodybuilding.com/exercises/equipment/machine,machine
one arm pronated dumbbell triceps extension,https://www.bodybuilding.com/exercises/one-arm-pronated-dumbbell-triceps-extension,,,https://www.bodybuilding.com/exercises/muscle/triceps,triceps,https://www.bodybuilding.com/exercises/equipment/dumbbell,dumbbell
single-arm kettlebell clean and jerk,https://www.bodybuilding.com/exercises/one-arm-kettlebell-clean-and-jerk-,,,https://www.bodybuilding.com/exercises/muscle/shoulders,shoulders,https://www.bodybuilding.com/exercises/equipment/kettlebells,kettlebells
side to side chins,https://www.bodybuilding.com/exercises/side-to-side-chins,,,https://www.bodybuilding.com/exercises/muscle/lats,lats,https://www.bodybuilding.com/exercises/equipment/body-only,body only
incline dumbbell bench with palms facing in,https://www.bodybuilding.com/exercises/incline-dumbbell-bench-with-palms-facing-in,,,https://www.bodybuilding.com/exercises/muscle/chest,chest,https://www.bodybuilding.com/exercises/equipment/dumbbell,dumbbell
seated palms-down wrist curl,https://www.bodybuilding.com/exercises/seated-dumbbell-palms-down-wrist-curl,,,https://www.bodybuilding.com/exercises/muscle/forearms,forearms,https://www.bodybuilding.com/exercises/equipment/dumbbell,dumbbell
standing leg swing,https://www.bodybuilding.com/exercises/front-leg-raises,https://www.bodybuilding.com/images/2020/xdb/cropped/xdb-83s-standing-leg-swing-m1-square-600x600.jpg,https://www.bodybuilding.com/images/2020/xdb/cropped/xdb-83s-standing-leg-swing-m2-square-600x600.jpg,https://www.bodybuilding.com/exercises/muscle/hamstrings,hamstrings,https://www.bodybuilding.com/exercises/equipment/body-only,body only
clock push-up,https://www.bodybuilding.com/exercises/clock-push-up,https://www.bodybuilding.com/images/2020/xdb/cropped/xdb-103a-clock-push-up-m1-square-600x600.jpg,https://www.bodybuilding.com/images/2020/xdb/cropped/xdb-103a-clock-push-up-m6-square-600x600.jpg,https://www.bodybuilding.com/exercises/muscle/chest,chest,https://www.bodybuilding.com/exercises/equipment/body-only,body only
machine seated row,https://www.bodybuilding.com/exercises/leverage-iso-row,https://www.bodybuilding.com/images/2020/xdb/cropped/xdb-91m-machine-seated-row-m1-square-600x600.jpg,https://www.bodybuilding.com/images/2020/xdb/cropped/xdb-91m-machine-seated-row-m2-square-600x600.jpg,https://www.bodybuilding.com/exercises/muscle/lats,lats,https://www.bodybuilding.com/exercises/equipment/machine,machine
lying face up plate neck resistance,https://www.bodybuilding.com/exercises/lying-face-up-plate-neck-resistance,https://www.bodybuilding.com/exercises/exerciseImages/sequences/26/Male/m/26_1.jpg,https://www.bodybuilding.com/exercises/exerciseImages/sequences/26/Male/m/26_2.jpg,https://www.bodybuilding.com/exercises/muscle/neck,neck,https://www.bodybuilding.com/exercises/equipment/other,other
weighted sissy squat,https://www.bodybuilding.com/exercises/weighted-sissy-squat,https://www.bodybuilding.com/images/2020/xdb/cropped/2019-xdb-180s-weighted-sissy-squat-m1-600x600.jpg,https://www.bodybuilding.com/images/2020/xdb/cropped/2019-xdb-180s-weighted-sissy-squat-m2-600x600.jpg,https://www.bodybuilding.com/exercises/muscle/quadriceps,quadriceps,https://www.bodybuilding.com/exercises/equipment/other,other
jog in place,https://www.bodybuilding.com/exercises/jog-in-place,,,https://www.bodybuilding.com/exercises/muscle/quadriceps,quadriceps,https://www.bodybuilding.com/exercises/finder,body only
dumbbell raise,https://www.bodybuilding.com/exercises/dumbbell-raise,,,https://www.bodybuilding.com/exercises/muscle/shoulders,shoulders,https://www.bodybuilding.com/exercises/equipment/dumbbell,dumbbell
palms-down dumbbell wrist curl over a bench,https://www.bodybuilding.com/exercises/palms-down-dumbbell-wrist-curl-over-a-bench,,,https://www.bodybuilding.com/exercises/muscle/forearms,forearms,https://www.bodybuilding.com/exercises/equipment/dumbbell,dumbbell
one arm supinated dumbbell triceps extension,https://www.bodybuilding.com/exercises/one-arm-supinated-dumbbell-triceps-extension,,,https://www.bodybuilding.com/exercises/muscle/triceps,triceps,https://www.bodybuilding.com/exercises/equipment/dumbbell,dumbbell
stationary bike,https://www.bodybuilding.com/exercises/bicycling-stationary,,,https://www.bodybuilding.com/exercises/muscle/quadriceps,quadriceps,https://www.bodybuilding.com/exercises/equipment/machine,machine
dumbbell bent-over row,https://www.bodybuilding.com/exercises/bent-over-two-dumbbell-row,,,https://www.bodybuilding.com/exercises/muscle/middle-back,middle back,https://www.bodybuilding.com/exercises/equipment/dumbbell,dumbbell
barbell thruster,https://www.bodybuilding.com/exercises/barbell-thruster,,,https://www.bodybuilding.com/exercises/muscle/quadriceps,quadriceps,https://www.bodybuilding.com/exercises/equipment/barbell,barbell
flutter kicks,https://www.bodybuilding.com/exercises/flutter-kicks,,,https://www.bodybuilding.com/exercises/muscle/glutes,glutes,https://www.bodybuilding.com/exercises/finder,weight bench
dumbbell sumo squat,https://www.bodybuilding.com/exercises/plie-dumbbell-squat,,,https://www.bodybuilding.com/exercises/muscle/quadriceps,quadriceps,https://www.bodybuilding.com/exercises/equipment/dumbbell,dumbbell
barbell upright row,https://www.bodybuilding.com/exercises/upright-barbell-row,,,https://www.bodybuilding.com/exercises/muscle/shoulders,shoulders,https://www.bodybuilding.com/exercises/equipment/barbell,barbell
superman,https://www.bodybuilding.com/exercises/superman,,,https://www.bodybuilding.com/exercises/muscle/lower-back,lower back,https://www.bodybuilding.com/exercises/equipment/body-only,body only
straight-arm pulldown,https://www.bodybuilding.com/exercises/straight-arm-pulldown,https://www.bodybuilding.com/images/2020/xdb/cropped/2019-xdb-104c-straight-arm-bar-pull-down-m1-600x600.jpg,https://www.bodybuilding.com/images/2020/xdb/cropped/2019-xdb-104c-straight-arm-bar-pull-down-m2-600x600.jpg,https://www.bodybuilding.com/exercises/muscle/lats,lats,https://www.bodybuilding.com/exercises/equipment/cable,cable
barbell stiff-legged deadlift,https://www.bodybuilding.com/exercises/stiff-legged-barbell-deadlift,,,https://www.bodybuilding.com/exercises/muscle/hamstrings,hamstrings,https://www.bodybuilding.com/exercises/equipment/barbell,barbell
standing one-arm dumbbell triceps extension,https://www.bodybuilding.com/exercises/standing-one-arm-dumbbell-triceps-extension,,,https://www.bodybuilding.com/exercises/muscle/triceps,triceps,https://www.bodybuilding.com/exercises/finder,dumbbells
smith machine bench press,https://www.bodybuilding.com/exercises/smith-machine-bench-press,,,https://www.bodybuilding.com/exercises/muscle/chest,chest,https://www.bodybuilding.com/exercises/equipment/machine,machine
seated side lateral raise,https://www.bodybuilding.com/exercises/seated-side-lateral-raise,,,https://www.bodybuilding.com/exercises/muscle/shoulders,shoulders,https://www.bodybuilding.com/exercises/equipment/dumbbell,dumbbell
dumbbell lying rear lateral raise,https://www.bodybuilding.com/exercises/dumbbell-lying-rear-lateral-raise,https://www.bodybuilding.com/images/2020/xdb/cropped/xdb-13n-incline-dumbbell-reverse-fly-m1-square-600x600.jpg,https://www.bodybuilding.com/images/2020/xdb/cropped/xdb-13n-incline-dumbbell-reverse-fly-m2-square-600x600.jpg,https://www.bodybuilding.com/exercises/muscle/shoulders,shoulders,https://www.bodybuilding.com/exercises/equipment/dumbbell,dumbbell
dumbbell preacher curl,https://www.bodybuilding.com/exercises/two-arm-dumbbell-preacher-curl,,,https://www.bodybuilding.com/exercises/muscle/biceps,biceps,https://www.bodybuilding.com/exercises/equipment/dumbbell,dumbbell
front raise and pullover,https://www.bodybuilding.com/exercises/front-raise-and-pullover,,,https://www.bodybuilding.com/exercises/muscle/chest,chest,https://www.bodybuilding.com/exercises/equipment/barbell,barbell
dumbbell seated box jump,https://www.bodybuilding.com/exercises/dumbbell-seated-box-jump,,,https://www.bodybuilding.com/exercises/muscle/quadriceps,quadriceps,https://www.bodybuilding.com/exercises/equipment/dumbbell,dumbbell
middle back shrug,https://www.bodybuilding.com/exercises/middle-back-shrug,,,https://www.bodybuilding.com/exercises/muscle/middle-back,middle back,https://www.bodybuilding.com/exercises/equipment/dumbbell,dumbbell
incline face-down bar front raise,https://www.bodybuilding.com/exercises/straight-raises-on-incline-bench,,,https://www.bodybuilding.com/exercises/muscle/shoulders,shoulders,https://www.bodybuilding.com/exercises/equipment/ez-curl-bar,e-z curl bar
butt-ups,https://www.bodybuilding.com/exercises/butt-ups,,,https://www.bodybuilding.com/exercises/muscle/abdominals,abdominals,https://www.bodybuilding.com/exercises/equipment/body-only,body only
band good morning (pull through),https://www.bodybuilding.com/exercises/band-good-morning-pull-through,,,https://www.bodybuilding.com/exercises/muscle/hamstrings,hamstrings,https://www.bodybuilding.com/exercises/equipment/bands,bands
bodyweight reverse lunge,https://www.bodybuilding.com/exercises/bodyweight-reverse-lunge,,,https://www.bodybuilding.com/exercises/muscle/quadriceps,quadriceps,https://www.bodybuilding.com/exercises/equipment/body-only,body only
seated one-arm dumbbell palms-down wrist curl,https://www.bodybuilding.com/exercises/seated-one-arm-dumbbell-palms-down-wrist-curl,,,https://www.bodybuilding.com/exercises/muscle/forearms,forearms,https://www.bodybuilding.com/exercises/equipment/dumbbell,dumbbell
glute kickback,https://www.bodybuilding.com/exercises/glute-kickback,,,https://www.bodybuilding.com/exercises/muscle/glutes,glutes,https://www.bodybuilding.com/exercises/equipment/body-only,body only
treadmill jogging,https://www.bodybuilding.com/exercises/jogging-treadmill,,,https://www.bodybuilding.com/exercises/muscle/quadriceps,quadriceps,https://www.bodybuilding.com/exercises/equipment/machine,machine
plate pinch,https://www.bodybuilding.com/exercises/plate-pinch,,,https://www.bodybuilding.com/exercises/muscle/forearms,forearms,https://www.bodybuilding.com/exercises/equipment/other,other
yates row reverse grip,https://www.bodybuilding.com/exercises/yates-row-reverse-grip,,,https://www.bodybuilding.com/exercises/muscle/middle-back,middle back,https://www.bodybuilding.com/exercises/equipment/barbell,barbell
linear acceleration wall drill,https://www.bodybuilding.com/exercises/linear-acceleration-wall-drill,,,https://www.bodybuilding.com/exercises/muscle/hamstrings,hamstrings,https://www.bodybuilding.com/exercises/equipment/body-only,body only
reverse-grip bench press,https://www.bodybuilding.com/exercises/reverse-triceps-bench-press,,,https://www.bodybuilding.com/exercises/muscle/triceps,triceps,https://www.bodybuilding.com/exercises/equipment/barbell,barbell
leverage decline chest press,https://www.bodybuilding.com/exercises/leverage-decline-chest-press,,,https://www.bodybuilding.com/exercises/muscle/chest,chest,https://www.bodybuilding.com/exercises/equipment/machine,machine
chain handle extension,https://www.bodybuilding.com/exercises/chain-handle-extension,,,https://www.bodybuilding.com/exercises/muscle/triceps,triceps,https://www.bodybuilding.com/exercises/equipment/other,other
